Workbook
Name \a: #REF!
Name \a: #REF!
Name \a: #REF!
Name \a: #REF!
Name \a: #REF!
Name \a: #REF!
Name \a: #REF!
Name \a: #REF!
Name \a: #REF!
Name \a: #REF!
Name \a: #REF!
Name \a: #REF!
Name \a: #REF!

Sheet cases2
A1: Case에 상관없이 해당 업체가 속하는 산업분류를 입력해야됨
A4: Case2 | B4: 매출액을 알고 원가의 일부를 알고 있을때
A6: 매출액 | B6: 1000
A8: 원가구조
C9: 비중(100%) | D9: 금액 | F9: scope1 | G9: =B6*Ad!J42 -> 224.85881
A10: A | B10: 농림수산품 | F10: scope2 | G10: =B6*M!J24 -> 498.2753
A11: B | B11: 광산품 | F11: scope3 | G11: =B6*M!J41-cases2!G9-cases2!G10 -> 168.06666
A12: C01 | B12: 음식료품 | F12: 계 | G12: =SUM(G9:G11) -> 891.20078
A13: C02 | B13: 섬유 및 가죽제품
A14: C03 | B14: 목재 및 종이, 인쇄 | G14: 자부문 및 타업종 유발(산업별) | I14: 배출량
A15: C04 | B15: 석탄 및 석유제품 | G15: A | H15: 농림수산품 | I15: =$B$6*M!J7 -> 1.810923
A16: C05 | B16: 화학제품 | G16: B | H16: 광산품 | I16: =$B$6*M!J8 -> 0.34356144
A17: C06 | B17: 비금속광물제품 | G17: C01 | H17: 음식료품 | I17: =$B$6*M!J9 -> 0.15694193
A18: C07 | B18: 1차 금속제품 | G18: C02 | H18: 섬유 및 가죽제품 | I18: =$B$6*M!J10 -> 0.39327281
A19: C08 | B19: 금속가공제품 | G19: C03 | H19: 목재 및 종이, 인쇄 | I19: =$B$6*M!J11 -> 0.66717961
A20: C09 | B20: 컴퓨터, 전자 및 광학기기 | G20: C04 | H20: 석탄 및 석유제품 | I20: =$B$6*M!J12 -> 8.9860547
A21: C10 | B21: 전기장비 | G21: C05 | H21: 화학제품 | I21: =$B$6*M!J13 -> 37.913885
A22: C11 | B22: 기계 및 장비 | C22: 10 | D22: =C22*$B$6/100 -> 100 | H22: 분석업체 | I22: =$B$6*M!J14 -> 288.28063
A23: C12 | B23: 운송장비 | G23: C06 | H23: 비금속광물제품 | I23: =$B$6*M!J15 -> 2.6139488
A24: C13 | B24: 기타 제조업 제품 | G24: C07 | H24: 1차 금속제품 | I24: =$B$6*M!J16 -> 11.318045
A25: C14 | B25: 제조임가공 및 산업용 장비 수리 | G25: C08 | H25: 금속가공제품 | I25: =$B$6*M!J17 -> 0.072294766
A26: D | B26: 전력, 가스 및 증기 | C26: 20 | D26: =C26*$B$6/100 -> 200 | G26: C09 | H26: 컴퓨터, 전자 및 광학기기 | I26: =$B$6*M!J18 -> 0.20127127
A27: E | B27: 수도, 폐기물처리 및 재활용서비스 | G27: C10 | H27: 전기장비 | I27: =$B$6*M!J19 -> 0.013017723
A28: F | B28: 건설 | G28: C11 | H28: 기계 및 장비 | I28: =$B$6*M!J20 -> 3.9221817
A29: G | B29: 도소매 및 상품중개서비스 | G29: C12 | H29: 운송장비 | I29: =$B$6*M!J21 -> 0.061659999
A30: H | B30: 운송서비스 | G30: C13 | H30: 기타 제조업 제품 | I30: =$B$6*M!J22 -> 0.20549766
A31: I | B31: 음식점 및 숙박서비스 | G31: C14 | H31: 제조임가공 및 산업용 장비 수리 | I31: =$B$6*M!J23 -> 0.75005313
A32: J | B32: 정보통신 및 방송 서비스 | G32: D | H32: 전력, 가스 및 증기 | I32: =$B$6*M!J24 -> 498.2753
A33: K | B33: 금융 및 보험 서비스 | G33: E | H33: 수도, 폐기물처리 및 재활용서비스 | I33: =$B$6*M!J25 -> 8.3330607
A34: L | B34: 부동산서비스 | G34: F | H34: 건설 | I34: =$B$6*M!J26 -> 0.014906132
A35: M | B35: 전문, 과학 및 기술 서비스 | G35: G | H35: 도소매 및 상품중개서비스 | I35: =$B$6*M!J27 -> 0.265361
A36: N | B36: 사업지원서비스 | G36: H | H36: 운송서비스 | I36: =$B$6*M!J28 -> 25.806609
A37: O | B37: 공공행정, 국방 및 사회보장 | G37: I | H37: 음식점 및 숙박서비스 | I37: =$B$6*M!J29 -> 0.17438294
A38: P | B38: 교육서비스 | G38: J | H38: 정보통신 및 방송 서비스 | I38: =$B$6*M!J30 -> 0.0069804421
... A42: T | B42: 기타 | G42: N | H42: 사업지원서비스 | I42: =$B$6*M!J34 -> 0.024009879
A43: 9590 | B43: 중간투입계 | C43: =SUM(C10:C42) -> 30 | D43: =C43*$B$6/100 -> 300 | G43: O | H43: 공공행정, 국방 및 사회보장 | I43: =$B$6*M!J35 -> 0.090332699
A44: 9610 | B44: 피용자보수 | C44: 20 | D44: =C44*$B$6/100 -> 200 | G44: P | H44: 교육서비스 | I44: =$B$6*M!J36 -> 0.01518201
A45: 9621 | B45: 영업이익(영업잉여) | C45: 10 | D45: =C45*$B$6/100 -> 100 | G45: Q | H45: 보건 및 사회복지 서비스 | I45: =$B$6*M!J37 -> 0.014657314
A46: 9622 | B46: 감가상각비(고정자본소모) | C46: 5 | D46: =C46*$B$6/100 -> 50 | G46: R | H46: 예술, 스포츠 및 여가 관련 서비스 | I46: =$B$6*M!J38 -> 0.015353923
A47: 9630 | B47: 생산세(보조금공제) | C47: 미기재 | G47: S | H47: 기타 서비스 | I47: =$B$6*M!J39 -> 0.023085859
A48: 9690 | B48: 부가가치계 | C48: =SUM(C44:C47) -> 35 | G48: T | H48: 기타 | I48: =$B$6*M!J40 -> 0
A49: 9790 | B49: 계 | C49: =C43+C48 -> 65 | H49: 계 | I49: =SUM(I15:I48) -> 891.20078

Sheet A표_총거래표(생산자)_원본
A1: 투입산출표_총거래표(2023년 가격)
A2: 2023년
A3: 생산자가격
A4: 단위 : 백만원
A5: 상품 상품 | C5: A | D5: B | E5: C01 | F5: C02 | G5: C03 | H5: C04 | I5: C05 | J5: C06 | K5: C07 | L5: C08 | M5: C09 | N5: C10 | O5: C11 | P5: C12 | Q5: C13 | R5: C14 | S5: D | T5: E | U5: F | V5: G | W5: H | X5: I | Y5: J | Z5: K | AA5: L | AB5: M | AC5: N | AD5: O | AE5: P | AF5: Q | AG5: R | AH5: S | AI5: T | AJ5: 9090 | AK5: 9111 | AL5: 9112 | AM5: 9121 | AN5: 9122 | AO5: 9131 | AP5: 9132 | AQ5: 9140 | AR5: 9190 | AS5: 9290 | AT5: 9310 | AU5: 9321 | AV5: 9322 | AW5: 9329 | AX5: 9331 | AY5: 9332 | AZ5: 9390
C6: 농림수산품 | D6: 광산품 | E6: 음식료품 | F6: 섬유 및 가죽제품 | G6: 목재 및 종이, 인쇄 | H6: 석탄 및 석유제품 | I6: 화학제품 | J6: 비금속광물제품 | K6: 1차 금속제품 | L6: 금속가공제품 | M6: 컴퓨터, 전자 및 광학기기 | N6: 전기장비 | O6: 기계 및 장비 | P6: 운송장비 | Q6: 기타 제조업제품 | R6: 제조임가공 및 산업용 장비 수리 | S6: 전력, 가스 및 증기 | T6: 수도, 폐기물처리 및 재활용서비스 | U6: 건설 | V6: 도소매 및 상품중개서비스 | W6: 운송서비스 | X6: 음식점 및 숙박서비스 | Y6: 정보통신 및 방송서비스 | Z6: 금융 및 보험서비스 | AA6: 부동산서비스 | AB6: 전문, 과학 및 기술 서비스 | AC6: 사업지원서비스 | AD6: 공공행정, 국방 및 사회보장 | AE6: 교육서비스 | AF6: 보건 및 사회복지서비스 | AG6: 예술, 스포츠 및 여가 관련 서비스 | AH6: 기타 서비스 | AI6: 기타 | AJ6: 중간수요계 | AK6: 민간소비지출 (가계 및 가계봉사 비영리단체) | AL6: 정부소비지출 | AM6: 민간고정 자본형성 | AN6: 정부고정 자본형성 | AO6: 재고증감 | AP6: 귀중품 순취득 | AQ6: 수출 | AR6: 최종수요계 | AS6: 총수요계 | AT6: 총산출 | AU6: 수입 | AV6: 생산물세(수입) | AW6: 수입계 | AX6: 도소매마진 | AY6: 화물운임 | AZ6: 총공급계 | BA6: 수입비중
A7: A | B7: 농림수산품 | C7: 4256311 | D7: 3473 | E7: 44787107 | F7: 264444 | G7: 661849 | H7: 4203 | I7: 1326559 | J7: 3614 | K7: 6461 | L7: 7383 | M7: 7338 | N7: 2082 | O7: 6967 | P7: 2432 | Q7: 14838 | R7: 542287 | S7: 3751 | T7: 12739 | U7: 403188 | V7: 103863 | W7: 13100 | X7: 13418941 | Y7: 14422 | Z7: 11833 | AA7: 7087 | AB7: 72958 | AC7: 20574 | AD7: 333297 | AE7: 716622 | AF7: 904970 | AG7: 72052 | AH7: 72609 | AI7: 3405 | AJ7: 68082759 | AK7: 20977330 | AL7: 0 | AM7: 1005548 | AN7: 708 | AO7: -196797 | AP7: 0 | AQ7: 1148216 | AR7: 22935005 | AS7: 91017764 | AT7: 74068069 | AU7: 16390900 | AV7: 558795 | AW7: 16949695 | AX7: 0 | AY7: 0 | AZ7: 91017764
A8: B | B8: 광산품 | C8: 2055 | D8: 2999 | E8: 48702 | F8: 3592 | G8: 35023 | H8: 108067377 | I8: 8679207 | J8: 5208178 | K8: 33232955 | L8: 40482 | M8: 37583 | N8: 8789 | O8: 16354 | P8: 5802 | Q8: 3785 | R8: 76904 | S8: 68593275 | T8: 53587 | U8: 278992 | V8: 0 | W8: 0 | X8: 15310 | Y8: 0 | Z8: 0 | AA8: 141 | AB8: 17244 | AC8: 13414 | AD8: 16766 | AE8: 1073 | AF8: 16722 | AG8: 2420 | AH8: 2421 | AI8: 34 | AJ8: 224481186 | AK8: 20312 | AL8: 0 | AM8: 0 | AN8: 0 | AO8: -1208060 | AP8: 0 | AQ8: 164539 | AR8: -1023209 | AS8: 223457977 | AT8: 5326597 | AU8: 213114501 | AV8: 5016879 | AW8: 218131380 | AX8: 0 | AY8: 0 | AZ8: 223457977
A9: C01 | B9: 음식료품 | C9: 13490896 | D9: 16188 | E9: 37267582 | F9: 1267831 | G9: 87762 | H9: 29747 | I9: 1948954 | J9: 32354 | K9: 78230 | L9: 106035 | M9: 28458 | N9: 23722 | O9: 80841 | P9: -15144 | Q9: 10976 | R9: 642150 | S9: 1667262 | T9: 75594 | U9: 29879 | V9: 2137267 | W9: 237559 | X9: 62634265 | Y9: 321736 | Z9: 166231 | AA9: 20690 | AB9: 1680284 | AC9: 730059 | AD9: 1178818 | AE9: 3190985 | AF9: 3326884 | AG9: 2766615 | AH9: 1099495 | AI9: 54767 | AJ9: 136414972 | AK9: 79996863 | AL9: 0 | AM9: 0 | AN9: 0 | AO9: -312055 | AP9: 0 | AQ9: 13216832 | AR9: 92901640 | AS9: 229316612 | AT9: 182394945 | AU9: 42877588 | AV9: 4044079 | AW9: 46921667 | AX9: 0 | AY9: 0 | AZ9: 229316612
A10: C02 | B10: 섬유 및 가죽제품 | C10: 690669 | D10: 18761 | E10: 152583 | F10: 21941986 | G10: 610886 | H10: 100196 | I10: 1674120 | J10: 167311 | K10: 181532 | L10: 398657 | M10: 396591 | N10: 175855 | O10: 148702 | P10: 1234584 | Q10: 1704538 | R10: 2681541 | S10: 46471 | T10: 260471 | U10: 183767 | V10: 1793848 | W10: 1945331 | X10: 1580633 | Y10: 250655 | Z10: 107312 | AA10: 175614 | AB10: 554339 | AC10: 1178436 | AD10: 689348 | AE10: 212655 | AF10: 919104 | AG10: 556457 | AH10: 863694 | AI10: 17447 | AJ10: 43614094 | AK10: 44692848 | AL10: 0 | AM10: 99316 | AN10: 49995 | AO10: 238347 | AP10: 0 | AQ10: 20177963 | AR10: 65258469 | AS10: 108872563 | AT10: 70160146 | AU10: 35870234 | AV10: 2842183 | AW10: 38712417 | AX10: 0 | AY10: 0 | AZ10: 108872563
A11: C03 | B11: 목재 및 종이, 인쇄 | C11: 866017 | D11: 11121 | E11: 3715108 | F11: 415547 | G11: 17244503 | H11: 134210 | I11: 1997375 | J11: 426375 | K11: 243459 | L11: 1061021 | M11: 295987 | N11: 571350 | O11: 353312 | P11: 120280 | Q11: 1901882 | R11: 408384 | S11: 792752 | T11: -6870 | U11: 6049727 | V11: 4278205 | W11: 1476571 | X11: 2137353 | Y11: 2006707 | Z11: 1592341 | AA11: 227894 | AB11: 5069685 | AC11: 631911 | AD11: 913133 | AE11: 960333 | AF11: 1291250 | AG11: 308585 | AH11: 831503 | AI11: 9881 | AJ11: 58336892 | AK11: 1990283 | AL11: 0 | AM11: 0 | AN11: 0 | AO11: 247498 | AP11: 0 | AQ11: 4630328 | AR11: 6868109 | AS11: 65205001 | AT11: 56014686 | AU11: 8967588 | AV11: 222727 | AW11: 9190315 | AX11: 0 | AY11: 0 | AZ11: 65205001
A12: C04 | B12: 석탄 및 석유제품 | C12: 1553720 | D12: 127562 | E12: 368746 | F12: 182073 | G12: 306192 | H12: 8485744 | I12: 43895247 | J12: 2409467 | K12: 721361 | L12: 527953 | M12: 108255 | N12: 512348 | O12: 337756 | P12: 472866 | Q12: 45874 | R12: 1013019 | S12: 4111860 | T12: 690962 | U12: 4687554 | V12: 9503880 | W12: 24628899 | X12: 3477744 | Y12: 404311 | Z12: 146259 | AA12: 918026 | AB12: 4380042 | AC12: 918546 | AD12: 3355174 | AE12: 2599025 | AF12: 1564184 | AG12: 353775 | AH12: 1093548 | AI12: 22523 | AJ12: 123924495 | AK12: 20010215 | AL12: 0 | AM12: 0 | AN12: 0 | AO12: 685143 | AP12: 0 | AQ12: 77066088 | AR12: 97761446 | AS12: 221685941 | AT12: 176562966 | AU12: 44170694 | AV12: 952281 | AW12: 45122975 | AX12: 0 | AY12: 0 | AZ12: 221685941
A13: C05 | B13: 화학제품 | C13: 5335756 | D13: 219298 | E13: 4720446 | F13: 6819729 | G13: 3803170 | H13: 3537795 | I13: 129362837 | J13: 2543485 | K13: 3102895 | L13: 9009090 | M13: 20188581 | N13: 17404850 | O13: 5570490 | P13: 21793941 | Q13: 2998181 | R13: 1983061 | S13: 2417171 | T13: 2164833 | U13: 12222208 | V13: 5288979 | W13: 1560674 | X13: 4858345 | Y13: 812354 | Z13: 121602 | AA13: 277568 | AB13: 10278206 | AC13: 3992188 | AD13: 1614775 | AE13: 1270286 | AF13: 32946431 | AG13: 758170 | AH13: 3728706 | AI13: 31956 | AJ13: 322738057 | AK13: 16391860 | AL13: 0 | AM13: 0 | AN13: 0 | AO13: 2035871 | AP13: 0 | AQ13: 141937188 | AR13: 160364919 | AS13: 483102976 | AT13: 376626218 | AU13: 104125789 | AV13: 2350969 | AW13: 106476758 | AX13: 0 | AY13: 0 | AZ13: 483102976
A14: C06 | B14: 비금속광물제품 | C14: 36617 | D14: 8918 | E14: 905256 | F14: 41584 | G14: 59557 | H14: 153911 | I14: 1621305 | J14: 7622593 | K14: 3265699 | L14: 612991 | M14: 1987167 | N14: 1806637 | O14: 511290 | P14: 2300485 | Q14: 257029 | R14: 203556 | S14: -152005 | T14: 187593 | U14: 29763706 | V14: 119481 | W14: 76745 | X14: 742147 | Y14: 13661 | Z14: 3896 | AA14: 84202 | AB14: 340999 | AC14: 226159 | AD14: 331107 | AE14: 142765 | AF14: 71373 | AG14: 141732 | AH14: 56146 | AI14: 4568 | AJ14: 53548870 | AK14: 181273 | AL14: 0 | AM14: 0 | AN14: 0 | AO14: 187387 | AP14: 0 | AQ14: 4781328 | AR14: 5149988 | AS14: 58698858 | AT14: 50827524 | AU14: 7600425 | AV14: 270909 | AW14: 7871334 | AX14: 0 | AY14: 0 | AZ14: 58698858
A15: C07 | B15: 1차 금속제품 | C15: 91111 | D15: 8196 | E15: 26239 | F15: 2697 | G15: 45720 | H15: 562107 | I15: 3388712 | J15: 903550 | K15: 62564642 | L15: 26175296 | M15: 6708120 | N15: 18310513 | O15: 13493061 | P15: 26369922 | Q15: 1765850 | R15: 1069388 | S15: 413958 | T15: 170727 | U15: 25701309 | V15: -713 | W15: 132195 | X15: 27276 | Y15: -21236 | Z15: -69 | AA15: -534 | AB15: 435186 | AC15: 1189 | AD15: 3109 | AE15: -19677 | AF15: 366089 | AG15: -4842 | AH15: -29801 | AI15: 9136 | AJ15: 188668426 | AK15: -731720 | AL15: 0 | AM15: -3134918 | AN15: -83309 | AO15: 118320 | AP15: 163833 | AQ15: 59288136 | AR15: 55620342 | AS15: 244288768 | AT15: 191899112 | AU15: 52115731 | AV15: 273925 | AW15: 52389656 | AX15: 0 | AY15: 0 | AZ15: 244288768
A16: C08 | B16: 금속가공제품 | C16: 77940 | D16: 117861 | E16: 2371080 | F16: 248175 | G16: 609407 | H16: 2900135 | I16: 2673621 | J16: 667203 | K16: 1573739 | L16: 20929812 | M16: 2705363 | N16: 5224767 | O16: 19768968 | P16: 18833190 | Q16: 1490999 | R16: 1288202 | S16: 869133 | T16: 548021 | U16: 25476298 | V16: 1147254 | W16: 1077767 | X16: 1741987 | Y16: 251710 | Z16: 141513 | AA16: 200822 | AB16: 1247365 | AC16: 1101443 | AD16: 1742143 | AE16: 474147 | AF16: 355816 | AG16: 255624 | AH16: 953188 | AI16: 15794 | AJ16: 119080487 | AK16: 1887217 | AL16: 0 | AM16: 6527800 | AN16: 2370938 | AO16: 174696 | AP16: 0 | AQ16: 17376557 | AR16: 28337208 | AS16: 147417695 | AT16: 136298810 | AU16: 10772512 | AV16: 346373 | AW16: 11118885 | AX16: 0 | AY16: 0 | AZ16: 147417695
A17: C09 | B17: 컴퓨터, 전자 및 광학기기 | C17: 181673 | D17: 13321 | E17: 179518 | F17: 41611 | G17: 229681 | H17: 822010 | I17: 730149 | J17: 94215 | K17: 473834 | L17: 1129751 | M17: 111091806 | N17: 14357957 | O17: 8884238 | P17: 11446256 | Q17: 150345 | R17: 2381775 | S17: 1173725 | T17: 449580 | U17: 1185699 | V17: 3095517 | W17: 872734 | X17: 1525087 | Y17: 10007238 | Z17: 604376 | AA17: 631498 | AB17: 13688295 | AC17: 1617811 | AD17: 1101557 | AE17: 1963339 | AF17: 4361931 | AG17: 523425 | AH17: 2615814 | AI17: 51754 | AJ17: 197677520 | AK17: 25091325 | AL17: 0 | AM17: 30155221 | AN17: 4162495 | AO17: 486519 | AP17: 0 | AQ17: 191050500 | AR17: 250946060 | AS17: 448623580 | AT17: 319811734 | AU17: 126034694 | AV17: 2777152 | AW17: 128811846 | AX17: 0 | AY17: 0 | AZ17: 448623580
A18: C10 | B18: 전기장비 | C18: 127130 | D18: 94350 | E18: 134004 | F18: 66778 | G18: 206216 | H18: 469945 | I18: 534499 | J18: 332306 | K18: 548446 | L18: 1395586 | M18: 8141816 | N18: 43904389 | O18: 8454471 | P18: 25867522 | Q18: 311865 | R18: 2037205 | S18: 2146060 | T18: 972943 | U18: 15485158 | V18: 1888909 | W18: 3253534 | X18: 2548408 | Y18: 3173256 | Z18: 368769 | AA18: 850238 | AB18: 8335414 | AC18: 2483438 | AD18: 982153 | AE18: 785992 | AF18: 597813 | AG18: 457683 | AH18: 3195593 | AI18: 11785 | AJ18: 140163674 | AK18: 11254160 | AL18: 0 | AM18: 15865555 | AN18: 302355 | AO18: -360625 | AP18: 0 | AQ18: 46805116 | AR18: 73866561 | AS18: 214030235 | AT18: 172753507 | AU18: 40326770 | AV18: 949958 | AW18: 41276728 | AX18: 0 | AY18: 0 | AZ18: 214030235
... A40: 9590 | B40: 중간투입계 | C40: 39166528 | D40: 3169491 | E40: 139457033 | F40: 57298913 | G40: 39700938 | H40: 143573392 | I40: 285565811 | J40: 37404675 | K40: 154477519 | L40: 92011168 | M40: 221737214 | N40: 135088695 | O40: 138660261 | P40: 269883451 | Q40: 21105797 | R40: 51124252 | S40: 120649253 | T40: 23032194 | U40: 199251516 | V40: 184102011 | W40: 125178243 | X40: 150662761 | Y40: 104063290 | Z40: 86678547 | AA40: 81055631 | AB40: 170997641 | AC40: 56091961 | AD40: 52243921 | AE40: 51016928 | AF40: 90583511 | AG40: 28521048 | AH40: 44847605 | AI40: 5019959 | AJ40: 3403421158 | AK40: 1203106723 | AL40: 428148599 | AM40: 642719412 | AN40: 114740934 | AO40: 8456630 | AP40: 2242835 | AQ40: 999815735 | AR40: 3399230868 | AS40: 6802652026 | AT40: 5786694739 | AU40: 990543488 | AV40: 25413799 | AW40: 1015957287 | AX40: 0 | AY40: 0 | AZ40: 6802652026
A41: 9610 | B41: 피용자보수 | C41: 7311007 | D41: 763130 | E41: 15128140 | F41: 6942083 | G41: 7714470 | H41: 1849380 | I41: 33024939 | J41: 5591739 | K41: 12874780 | L41: 22094377 | M41: 38330264 | N41: 18684449 | O41: 28417504 | P41: 24629085 | Q41: 4430442 | R41: 30392667 | S41: 7229124 | T41: 9301644 | U41: 108270135 | V41: 105848898 | W41: 45972783 | X41: 37217436 | Y41: 48448668 | Z41: 52077047 | AA41: 23572589 | AB41: 119508944 | AC41: 53019085 | AD41: 89879718 | AE41: 84723533 | AF41: 91542475 | AG41: 14325783 | AH41: 21260262 | AI41: 0 | AJ41: 1170376580
A42: 9621 | B42: 영업잉여 | C42: 20790625 | D42: 907945 | E42: 6246706 | F42: 1230526 | G42: 5894202 | H42: 10160438 | I42: 26725452 | J42: 2061144 | K42: 12662963 | L42: 15468441 | M42: -2691522 | N42: 509104 | O42: 5170759 | P42: 8332412 | Q42: 1502834 | R42: 4585557 | S42: -117531 | T42: 4067693 | U42: 6664903 | V42: 71028220 | W42: 16697450 | X42: 17852378 | Y42: 24101295 | Z42: 68918948 | AA42: 64506524 | AB42: 32838525 | AC42: 24595921 | AD42: 0 | AE42: 5753379 | AF42: 22888082 | AG42: 8967271 | AH42: 7606932 | AI42: 0 | AJ42: 495927576
A43: 9622 | B43: 고정자본소모 | C43: 6826925 | D43: 492826 | E43: 7184340 | F43: 2607552 | G43: 1594645 | H43: 3179003 | I43: 26775718 | J43: 4858806 | K43: 10685788 | L43: 5299685 | M43: 59980214 | N43: 16524948 | O43: 11389415 | P43: 27105345 | Q43: 906543 | R43: 10150938 | S43: 20286757 | T43: 5288608 | U43: 6766250 | V43: 18105570 | W43: 36332814 | X43: 5371797 | Y43: 35261097 | Z43: 12984833 | AA43: 69279349 | AB43: 28647148 | AC43: 7189528 | AD43: 60428502 | AE43: 12635621 | AF43: 13918268 | AG43: 6439170 | AH43: 4683288 | AI43: 0 | AJ43: 539181291
A44: 9630 | B44: 생산세(보조금공제) | C44: -27016 | D44: -6795 | E44: 14378726 | F44: 2081072 | G44: 1110431 | H44: 17800753 | I44: 4534298 | J44: 911160 | K44: 1198062 | L44: 1425139 | M44: 2455564 | N44: 1946311 | O44: 1845434 | P44: 7185378 | Q44: 997653 | R44: 548886 | S44: 3631197 | T44: 108881 | U44: 21285495 | V44: 17403973 | W44: -2966019 | X44: 12631432 | Y44: 6428467 | Z44: 10283809 | AA44: 33396994 | AB44: 3703102 | AC44: 3414461 | AD44: 3508 | AE44: 209536 | AF44: 218867 | AG44: 6447347 | AH44: 3202028 | AI44: 0 | AJ44: 177788134
A45: 9690 | B45: 부가가치계 | C45: 34901541 | D45: 2157106 | E45: 42937912 | F45: 12861233 | G45: 16313748 | H45: 32989574 | I45: 91060407 | J45: 13422849 | K45: 37421593 | L45: 44287642 | M45: 98074520 | N45: 37664812 | O45: 46823112 | P45: 67252220 | Q45: 7837472 | R45: 45678048 | S45: 31029547 | T45: 18766826 | U45: 142986783 | V45: 212386661 | W45: 96037028 | X45: 73073043 | Y45: 114239527 | Z45: 144264637 | AA45: 190755456 | AB45: 184697719 | AC45: 88218995 | AD45: 150311728 | AE45: 103322069 | AF45: 128567692 | AG45: 36179571 | AH45: 36752510 | AI45: 0 | AJ45: 2383273581
A46: 9790 | B46: 총투입계 | C46: 74068069 | D46: 5326597 | E46: 182394945 | F46: 70160146 | G46: 56014686 | H46: 176562966 | I46: 376626218 | J46: 50827524 | K46: 191899112 | L46: 136298810 | M46: 319811734 | N46: 172753507 | O46: 185483373 | P46: 337135671 | Q46: 28943269 | R46: 96802300 | S46: 151678800 | T46: 41799020 | U46: 342238299 | V46: 396488672 | W46: 221215271 | X46: 223735804 | Y46: 218302817 | Z46: 230943184 | AA46: 271811087 | AB46: 355695360 | AC46: 144310956 | AD46: 202555649 | AE46: 154338997 | AF46: 219151203 | AG46: 64700619 | AH46: 81600115 | AI46: 5019959 | AJ46: 5786694739
A47: GHG | B47: 탄소배출량(tco2eq.) | C47: 26208380 | D47: 2042881.6 | E47: 2065050 | F47: 4524770 | G47: 2843750 | H47: 36281630 | I47: 84687500 | J47: 35157346 | K47: 1.0253767e+08 | L47: 368275.38 | M47: 3829180 | N47: 123929.89 | O47: 6926970 | P47: 2362190 | Q47: 3595100.8 | R47: 1648578 | S47: 2.2933202e+08 | T47: 18172000 | U47: 1813020 | V47: 1433144.7 | W47: 1.0115978e+08 | X47: 2253065 | Y47: 101446.17 | Z47: 132046.07 | AA47: 236199.08 | AB47: 1892727 | AC47: 157565.49 | AD47: 6015859.9 | AE47: 2189527.8 | AF47: 1803187.2 | AG47: 373361.74 | AH47: 422069.89 | AI47: 0 | AJ47: =SUM(C47:AI47) -> 6.8269022e+08

Sheet 국산거래표_원본
A5: 상품 상품 | C5: A | D5: B | E5: C01 | F5: C02 | G5: C03 | H5: C04 | I5: C05 | J5: C06 | K5: C07 | L5: C08 | M5: C09 | N5: C10 | O5: C11 | P5: C12 | Q5: C13 | R5: C14 | S5: D | T5: E | U5: F | V5: G | W5: H | X5: I | Y5: J | Z5: K | AA5: L | AB5: M | AC5: N | AD5: O | AE5: P | AF5: Q | AG5: R | AH5: S | AI5: T | AJ5: 9090 | AK5: 9111 | AL5: 9112 | AM5: 9121 | AN5: 9122 | AO5: 9131 | AP5: 9132 | AQ5: 9140 | AR5: 9190 | AS5: 9290
C6: 농림수산품 | D6: 광산품 | E6: 음식료품 | F6: 섬유 및 가죽제품 | G6: 목재 및 종이, 인쇄 | H6: 석탄 및 석유제품 | I6: 화학제품 | J6: 비금속광물제품 | K6: 1차 금속제품 | L6: 금속가공제품 | M6: 컴퓨터, 전자 및 광학기기 | N6: 전기장비 | O6: 기계 및 장비 | P6: 운송장비 | Q6: 기타 제조업 제품 | R6: 제조임가공 및 산업용 장비 수리 | S6: 전력, 가스 및 증기 | T6: 수도, 폐기물처리 및 재활용서비스 | U6: 건설 | V6: 도소매 및 상품중개서비스 | W6: 운송서비스 | X6: 음식점 및 숙박서비스 | Y6: 정보통신 및 방송 서비스 | Z6: 금융 및 보험 서비스 | AA6: 부동산서비스 | AB6: 전문, 과학 및 기술 서비스 | AC6: 사업지원서비스 | AD6: 공공행정, 국방 및 사회보장 | AE6: 교육서비스 | AF6: 보건 및 사회복지 서비스 | AG6: 예술, 스포츠 및 여가 관련 서비스 | AH6: 기타 서비스 | AI6: 기타 | AJ6: 중간수요계 | AK6: 민간소비지출 (가계 및 가계봉사 비영리단체) | AL6: 정부소비지출 | AM6: 민간고정 자본형성 | AN6: 정부고정 자본형성 | AO6: 재고증감 | AP6: 귀중품 순취득 | AQ6: 수출 | AR6: 최종수요계 | AS6: 총수요계
A7: A | B7: 농림수산품 | C7: 3770505 | D7: 3469 | E7: 34517696 | F7: 38677 | G7: 277682 | H7: 4203 | I7: 555663 | J7: 3614 | K7: 6461 | L7: 7383 | M7: 7338 | N7: 2082 | O7: 6967 | P7: 2303 | Q7: 12637 | R7: 536115 | S7: 3751 | T7: 12739 | U7: 363655 | V7: 101278 | W7: 13100 | X7: 12633334 | Y7: 14422 | Z7: 11833 | AA7: 7087 | AB7: 68851 | AC7: 20544 | AD7: 314883 | AE7: 713174 | AF7: 800522 | AG7: 70580 | AH7: 72609 | AI7: 3405 | AJ7: 54978562 | AK7: 17086310 | AL7: 0 | AM7: 926994 | AN7: 683 | AO7: -72696 | AP7: 0 | AQ7: 1148216 | AR7: 19089507 | AS7: 74068069
A8: B | B8: 광산품 | C8: 2055 | D8: 2999 | E8: 41769 | F8: 2547 | G8: 11840 | H8: 112216 | I8: 373203 | J8: 3949468 | K8: 229276 | L8: 35343 | M8: 34809 | N8: 6206 | O8: 13252 | P8: 2213 | Q8: 2564 | R8: 18236 | S8: 127358 | T8: 53587 | U8: 249151 | V8: 0 | W8: 0 | X8: 12965 | Y8: 0 | Z8: 0 | AA8: 141 | AB8: 6011 | AC8: 13414 | AD8: 16750 | AE8: 1073 | AF8: 16722 | AG8: 2420 | AH8: 2421 | AI8: 34 | AJ8: 5340043 | AK8: 5091 | AL8: 0 | AM8: 0 | AN8: 0 | AO8: -183076 | AP8: 0 | AQ8: 164539 | AR8: -13446 | AS8: 5326597
A9: C01 | B9: 음식료품 | C9: 13273857 | D9: 16188 | E9: 23135036 | F9: 86468 | G9: 67764 | H9: -9926 | I9: 1348691 | J9: 32354 | K9: 78230 | L9: 106034 | M9: 28306 | N9: 23722 | O9: 80840 | P9: -15144 | Q9: 10822 | R9: 631680 | S9: 1119295 | T9: 75594 | U9: 29879 | V9: 2111745 | W9: 233156 | X9: 53046845 | Y9: 319298 | Z9: 166213 | AA9: 20617 | AB9: 1583400 | AC9: 714859 | AD9: 1174868 | AE9: 3190626 | AF9: 2680305 | AG9: 2613864 | AH9: 1099434 | AI9: 54767 | AJ9: 109129687 | AK9: 60359679 | AL9: 0 | AM9: 0 | AN9: 0 | AO9: -277115 | AP9: 0 | AQ9: 13182694 | AR9: 73265258 | AS9: 182394945
A10: C02 | B10: 섬유 및 가죽제품 | C10: 516322 | D10: 18761 | E10: 131097 | F10: 9447326 | G10: 469462 | H10: 99962 | I10: 1070192 | J10: 150174 | K10: 178752 | L10: 379901 | M10: 265419 | N10: 115994 | O10: 119809 | P10: 974041 | Q10: 1411763 | R10: 2466981 | S10: 44126 | T10: 232446 | U10: 78593 | V10: 1255250 | W10: 1794103 | X10: 1548791 | Y10: 247453 | Z10: 100674 | AA10: 173734 | AB10: 479977 | AC10: 1119697 | AD10: 646005 | AE10: 211196 | AF10: 838527 | AG10: 538987 | AH10: 836162 | AI10: 17447 | AJ10: 27979124 | AK10: 22360056 | AL10: 0 | AM10: 59349 | AN10: 35246 | AO10: 93928 | AP10: 0 | AQ10: 19632443 | AR10: 42181022 | AS10: 70160146
A11: C03 | B11: 목재 및 종이, 인쇄 | C11: 858139 | D11: 11121 | E11: 3523836 | F11: 218583 | G11: 12285532 | H11: 133424 | I11: 1854772 | J11: 387612 | K11: 234487 | L11: 982943 | M11: 146738 | N11: 483800 | O11: 332260 | P11: 97757 | Q11: 1409707 | R11: 394013 | S11: 426189 | T11: -7693 | U11: 4986871 | V11: 4184658 | W11: 1378727 | X11: 1993336 | Y11: 1909900 | Z11: 1584659 | AA11: 226739 | AB11: 5025693 | AC11: 614390 | AD11: 845929 | AE11: 949913 | AF11: 1277891 | AG11: 268691 | AH11: 828469 | AI11: 9881 | AJ11: 49858967 | AK11: 1312519 | AL11: 0 | AM11: 0 | AN11: 0 | AO11: 212872 | AP11: 0 | AQ11: 4630328 | AR11: 6155719 | AS11: 56014686
A12: C04 | B12: 석탄 및 석유제품 | C12: 1515963 | D12: 125960 | E12: 326179 | F12: 113399 | G12: 238255 | H12: 4806990 | I12: 18548314 | J12: 2257768 | K12: 507483 | L12: 449612 | M12: 77093 | N12: 466380 | O12: 306892 | P12: 408695 | Q12: 43843 | R12: 704980 | S12: 2470064 | T12: 678652 | U12: 4666910 | V12: 8836925 | W12: 15957783 | X12: 2950721 | Y12: 393549 | Z12: 139762 | AA12: 912283 | AB12: 4192860 | AC12: 894255 | AD12: 3333481 | AE12: 2184484 | AF12: 1490227 | AG12: 341918 | AH12: 912218 | AI12: 22523 | AJ12: 81276421 | AK12: 17658256 | AL12: 0 | AM12: 0 | AN12: 0 | AO12: 562201 | AP12: 0 | AQ12: 77066088 | AR12: 95286545 | AS12: 176562966
A13: C05 | B13: 화학제품 | C13: 4512625 | D13: 217552 | E13: 4252098 | F13: 5435495 | G13: 3512893 | H13: 2835512 | I13: 75443180 | J13: 1751720 | K13: 1645885 | L13: 7862792 | M13: 9877901 | N13: 9617046 | O13: 5052662 | P13: 19593987 | Q13: 2527837 | R13: 1787594 | S13: 2384812 | T13: 1951558 | U13: 11851540 | V13: 4975392 | W13: 1360977 | X13: 4735376 | Y13: 764740 | Z13: 119632 | AA13: 277331 | AB13: 9346112 | AC13: 3833427 | AD13: 1605326 | AE13: 1246078 | AF13: 23440952 | AG13: 730492 | AH13: 3262973 | AI13: 31874 | AJ13: 227845371 | AK13: 7116563 | AL13: 0 | AM13: 0 | AN13: 0 | AO13: 1249036 | AP13: 0 | AQ13: 140415248 | AR13: 148780847 | AS13: 376626218
A14: C06 | B14: 비금속광물제품 | C14: 36349 | D14: 8909 | E14: 866923 | F14: 29958 | G14: 57935 | H14: 128152 | I14: 1034800 | J14: 6026519 | K14: 2828197 | L14: 509833 | M14: 1263686 | N14: 892908 | O14: 355287 | P14: 1724611 | Q14: 192607 | R14: 133976 | S14: -162362 | T14: 186331 | U14: 27727818 | V14: 107592 | W14: 75336 | X14: 661954 | Y14: 13649 | Z14: 3732 | AA14: 84142 | AB14: 222048 | AC14: 226104 | AD14: 330613 | AE14: 141809 | AF14: 66266 | AG14: 141714 | AH14: 34688 | AI14: 4568 | AJ14: 45956652 | AK14: -69359 | AL14: 0 | AM14: 0 | AN14: 0 | AO14: 158903 | AP14: 0 | AQ14: 4781328 | AR14: 4870872 | AS14: 50827524
A15: C07 | B15: 1차 금속제품 | C15: 90703 | D15: 8189 | E15: 26239 | F15: -2016 | G15: 45297 | H15: 548043 | I15: 1432937 | J15: 880571 | K15: 33775453 | L15: 21994525 | M15: 4000083 | N15: 13934318 | O15: 11988557 | P15: 20302556 | Q15: 1504746 | R15: 987215 | S15: 378889 | T15: 162585 | U15: 23535608 | V15: -724 | W15: 14347 | X15: 27276 | Y15: -21236 | Z15: -69 | AA15: -536 | AB15: 379025 | AC15: 973 | AD15: 3089 | AE15: -19677 | AF15: 173780 | AG15: -4842 | AH15: -30110 | AI15: 9136 | AJ15: 136124930 | AK15: -741899 | AL15: 0 | AM15: -3134918 | AN15: -83309 | AO15: 315441 | AP15: 130731 | AQ15: 59288136 | AR15: 55774182 | AS15: 191899112
A16: C08 | B16: 금속가공제품 | C16: 76325 | D16: 112396 | E16: 2217143 | F16: 116512 | G16: 594802 | H16: 2872386 | I16: 2326406 | J16: 586542 | K16: 1481015 | L16: 18262217 | M16: 2003649 | N16: 4926314 | O16: 18984223 | P16: 17019521 | Q16: 1327694 | R16: 1130999 | S16: 798877 | T16: 546209 | U16: 24860415 | V16: 1065414 | W16: 731302 | X16: 1521590 | Y16: 248683 | Z16: 136263 | AA16: 198705 | AB16: 1106438 | AC16: 1089230 | AD16: 1582371 | AE16: 465853 | AF16: 353499 | AG16: 253202 | AH16: 928169 | AI16: 15794 | AJ16: 109940158 | AK16: 934850 | AL16: 0 | AM16: 6305296 | AN16: 1591651 | AO16: 150298 | AP16: 0 | AQ16: 17376557 | AR16: 26358652 | AS16: 136298810
A17: C09 | B17: 컴퓨터, 전자 및 광학기기 | C17: 180911 | D17: 13295 | E17: 178895 | F17: 40877 | G17: 222265 | H17: 811975 | I17: 622431 | J17: 87363 | K17: 457287 | L17: 1098790 | M17: 45724364 | N17: 8383439 | O17: 6399034 | P17: 6259350 | Q17: 137883 | R17: 2199819 | S17: 1052620 | T17: 442428 | U17: 897027 | V17: 2969353 | W17: 690604 | X17: 1505383 | Y17: 5684154 | Z17: 482548 | AA17: 606278 | AB17: 10579547 | AC17: 1523318 | AD17: 737465 | AE17: 1472022 | AF17: 1885952 | AG17: 498559 | AH17: 2190231 | AI17: 51754 | AJ17: 106087221 | AK17: 9881605 | AL17: 0 | AM17: 11175254 | AN17: 1544810 | AO17: 370986 | AP17: 0 | AQ17: 190751858 | AR17: 213724513 | AS17: 319811734
A18: C10 | B18: 전기장비 | C18: 126894 | D18: 94331 | E18: 133844 | F18: 64432 | G18: 205877 | H18: 468574 | I18: 472007 | J18: 328846 | K18: 471847 | L18: 1306810 | M18: 4221884 | N18: 27157868 | O18: 6662401 | P18: 19239436 | Q18: 298727 | R18: 1877102 | S18: 1705618 | T18: 971834 | U18: 13810541 | V18: 1878632 | W18: 2847236 | X18: 2514865 | Y18: 3111831 | Z18: 368380 | AA18: 846340 | AB18: 7997559 | AC18: 2423434 | AD18: 894011 | AE18: 777977 | AF18: 567661 | AG18: 450395 | AH18: 2598091 | AI18: 11785 | AJ18: 106907070 | AK18: 7237201 | AL18: 0 | AM18: 11864629 | AN18: 215296 | AO18: -275785 | AP18: 0 | AQ18: 46805096 | AR18: 65846437 | AS18: 172753507
... A40: 9590 | B40: 중간투입계 | C40: 36629418 | D40: 3132309 | E40: 113343360 | F40: 35375741 | G40: 33457207 | H40: 29230925 | I40: 188086537 | J40: 33179722 | K40: 87669754 | L40: 82319774 | M40: 128829304 | N40: 94361801 | O40: 112545716 | P40: 228228617 | Q40: 17968881 | R40: 48693679 | S40: 48196749 | T40: 22227137 | U40: 187124691 | V40: 171773776 | W40: 83129741 | X40: 138211903 | Y40: 84252364 | Z40: 78191811 | AA40: 79467442 | AB40: 157264645 | AC40: 51749545 | AD40: 45848739 | AE40: 48684605 | AF40: 76696145 | AG40: 26439064 | AH40: 41890955 | AI40: 5013554 | AJ40: 2619215611 | AK40: 1065594685 | AL40: 428148599 | AM40: 562479286 | AN40: 105301054 | AO40: 8131541 | AP40: 1393986 | AQ40: 996429977 | AR40: 3167479128 | AS40: 5786694739

Sheet 수입거래표원본
A5: 상품 상품 | C5: A | D5: B | E5: C01 | F5: C02 | G5: C03 | H5: C04 | I5: C05 | J5: C06 | K5: C07 | L5: C08 | M5: C09 | N5: C10 | O5: C11 | P5: C12 | Q5: C13 | R5: C14 | S5: D | T5: E | U5: F | V5: G | W5: H | X5: I | Y5: J | Z5: K | AA5: L | AB5: M | AC5: N | AD5: O | AE5: P | AF5: Q | AG5: R | AH5: S | AI5: T | AJ5: 9090 | AK5: 9111 | AL5: 9112 | AM5: 9121 | AN5: 9122 | AO5: 9131 | AP5: 9132 | AQ5: 9140 | AR5: 9190 | AS5: 9290
C6: 농림수산품 | D6: 광산품 | E6: 음식료품 | F6: 섬유 및 가죽제품 | G6: 목재 및 종이, 인쇄 | H6: 석탄 및 석유제품 | I6: 화학제품 | J6: 비금속광물제품 | K6: 1차 금속제품 | L6: 금속가공제품 | M6: 컴퓨터, 전자 및 광학기기 | N6: 전기장비 | O6: 기계 및 장비 | P6: 운송장비 | Q6: 기타 제조업 제품 | R6: 제조임가공 및 산업용 장비 수리 | S6: 전력, 가스 및 증기 | T6: 수도, 폐기물처리 및 재활용서비스 | U6: 건설 | V6: 도소매 및 상품중개서비스 | W6: 운송서비스 | X6: 음식점 및 숙박서비스 | Y6: 정보통신 및 방송 서비스 | Z6: 금융 및 보험 서비스 | AA6: 부동산서비스 | AB6: 전문, 과학 및 기술 서비스 | AC6: 사업지원서비스 | AD6: 공공행정, 국방 및 사회보장 | AE6: 교육서비스 | AF6: 보건 및 사회복지 서비스 | AG6: 예술, 스포츠 및 여가 관련 서비스 | AH6: 기타 서비스 | AI6: 기타 | AJ6: 중간수요계 | AK6: 민간소비지출 (가계 및 가계봉사 비영리단체) | AL6: 정부소비지출 | AM6: 민간고정 자본형성 | AN6: 정부고정 자본형성 | AO6: 재고증감 | AP6: 귀중품 순취득 | AQ6: 수출 | AR6: 최종수요계 | AS6: 총수요계
A7: A | B7: 농림수산품 | C7: 485806 | D7: 4 | E7: 10269411 | F7: 225767 | G7: 384167 | H7: 0 | I7: 770896 | J7: 0 | K7: 0 | L7: 0 | M7: 0 | N7: 0 | O7: 0 | P7: 129 | Q7: 2201 | R7: 6172 | S7: 0 | T7: 0 | U7: 39533 | V7: 2585 | W7: 0 | X7: 785607 | Y7: 0 | Z7: 0 | AA7: 0 | AB7: 4107 | AC7: 30 | AD7: 18414 | AE7: 3448 | AF7: 104448 | AG7: 1472 | AH7: 0 | AI7: 0 | AJ7: 13104197 | AK7: 3891020 | AL7: 0 | AM7: 78554 | AN7: 25 | AO7: -124101 | AP7: 0 | AQ7: 0 | AR7: 3845498 | AS7: 16949695
A8: B | B8: 광산품 | C8: 0 | D8: 0 | E8: 6933 | F8: 1045 | G8: 23183 | H8: 107955161 | I8: 8306004 | J8: 1258710 | K8: 33003679 | L8: 5139 | M8: 2774 | N8: 2583 | O8: 3102 | P8: 3589 | Q8: 1221 | R8: 58668 | S8: 68465917 | T8: 0 | U8: 29841 | V8: 0 | W8: 0 | X8: 2345 | Y8: 0 | Z8: 0 | AA8: 0 | AB8: 11233 | AC8: 0 | AD8: 16 | AE8: 0 | AF8: 0 | AG8: 0 | AH8: 0 | AI8: 0 | AJ8: 219141143 | AK8: 15221 | AL8: 0 | AM8: 0 | AN8: 0 | AO8: -1024984 | AP8: 0 | AQ8: 0 | AR8: -1009763 | AS8: 218131380
A9: C01 | B9: 음식료품 | C9: 217039 | D9: 0 | E9: 14132546 | F9: 1181363 | G9: 19998 | H9: 39673 | I9: 600263 | J9: 0 | K9: 0 | L9: 1 | M9: 152 | N9: 0 | O9: 1 | P9: 0 | Q9: 154 | R9: 10470 | S9: 547967 | T9: 0 | U9: 0 | V9: 25522 | W9: 4403 | X9: 9587420 | Y9: 2438 | Z9: 18 | AA9: 73 | AB9: 96884 | AC9: 15200 | AD9: 3950 | AE9: 359 | AF9: 646579 | AG9: 152751 | AH9: 61 | AI9: 0 | AJ9: 27285285 | AK9: 19637184 | AL9: 0 | AM9: 0 | AN9: 0 | AO9: -34940 | AP9: 0 | AQ9: 34138 | AR9: 19636382 | AS9: 46921667
A10: C02 | B10: 섬유 및 가죽제품 | C10: 174347 | D10: 0 | E10: 21486 | F10: 12494660 | G10: 141424 | H10: 234 | I10: 603928 | J10: 17137 | K10: 2780 | L10: 18756 | M10: 131172 | N10: 59861 | O10: 28893 | P10: 260543 | Q10: 292775 | R10: 214560 | S10: 2345 | T10: 28025 | U10: 105174 | V10: 538598 | W10: 151228 | X10: 31842 | Y10: 3202 | Z10: 6638 | AA10: 1880 | AB10: 74362 | AC10: 58739 | AD10: 43343 | AE10: 1459 | AF10: 80577 | AG10: 17470 | AH10: 27532 | AI10: 0 | AJ10: 15634970 | AK10: 22332792 | AL10: 0 | AM10: 39967 | AN10: 14749 | AO10: 144419 | AP10: 0 | AQ10: 545520 | AR10: 23077447 | AS10: 38712417
A11: C03 | B11: 목재 및 종이, 인쇄 | C11: 7878 | D11: 0 | E11: 191272 | F11: 196964 | G11: 4958971 | H11: 786 | I11: 142603 | J11: 38763 | K11: 8972 | L11: 78078 | M11: 149249 | N11: 87550 | O11: 21052 | P11: 22523 | Q11: 492175 | R11: 14371 | S11: 366563 | T11: 823 | U11: 1062856 | V11: 93547 | W11: 97844 | X11: 144017 | Y11: 96807 | Z11: 7682 | AA11: 1155 | AB11: 43992 | AC11: 17521 | AD11: 67204 | AE11: 10420 | AF11: 13359 | AG11: 39894 | AH11: 3034 | AI11: 0 | AJ11: 8477925 | AK11: 677764 | AL11: 0 | AM11: 0 | AN11: 0 | AO11: 34626 | AP11: 0 | AQ11: 0 | AR11: 712390 | AS11: 9190315
A12: C04 | B12: 석탄 및 석유제품 | C12: 37757 | D12: 1602 | E12: 42567 | F12: 68674 | G12: 67937 | H12: 3678754 | I12: 25346933 | J12: 151699 | K12: 213878 | L12: 78341 | M12: 31162 | N12: 45968 | O12: 30864 | P12: 64171 | Q12: 2031 | R12: 308039 | S12: 1641796 | T12: 12310 | U12: 20644 | V12: 666955 | W12: 8671116 | X12: 527023 | Y12: 10762 | Z12: 6497 | AA12: 5743 | AB12: 187182 | AC12: 24291 | AD12: 21693 | AE12: 414541 | AF12: 73957 | AG12: 11857 | AH12: 181330 | AI12: 0 | AJ12: 42648074 | AK12: 2351959 | AL12: 0 | AM12: 0 | AN12: 0 | AO12: 122942 | AP12: 0 | AQ12: 0 | AR12: 2474901 | AS12: 45122975
A13: C05 | B13: 화학제품 | C13: 823131 | D13: 1746 | E13: 468348 | F13: 1384234 | G13: 290277 | H13: 702283 | I13: 53919657 | J13: 791765 | K13: 1457010 | L13: 1146298 | M13: 10310680 | N13: 7787804 | O13: 517828 | P13: 2199954 | Q13: 470344 | R13: 195467 | S13: 32359 | T13: 213275 | U13: 370668 | V13: 313587 | W13: 199697 | X13: 122969 | Y13: 47614 | Z13: 1970 | AA13: 237 | AB13: 932094 | AC13: 158761 | AD13: 9449 | AE13: 24208 | AF13: 9505479 | AG13: 27678 | AH13: 465733 | AI13: 82 | AJ13: 94892686 | AK13: 9275297 | AL13: 0 | AM13: 0 | AN13: 0 | AO13: 786835 | AP13: 0 | AQ13: 1521940 | AR13: 11584072 | AS13: 106476758
A14: C06 | B14: 비금속광물제품 | C14: 268 | D14: 9 | E14: 38333 | F14: 11626 | G14: 1622 | H14: 25759 | I14: 586505 | J14: 1596074 | K14: 437502 | L14: 103158 | M14: 723481 | N14: 913729 | O14: 156003 | P14: 575874 | Q14: 64422 | R14: 69580 | S14: 10357 | T14: 1262 | U14: 2035888 | V14: 11889 | W14: 1409 | X14: 80193 | Y14: 12 | Z14: 164 | AA14: 60 | AB14: 118951 | AC14: 55 | AD14: 494 | AE14: 956 | AF14: 5107 | AG14: 18 | AH14: 21458 | AI14: 0 | AJ14: 7592218 | AK14: 250632 | AL14: 0 | AM14: 0 | AN14: 0 | AO14: 28484 | AP14: 0 | AQ14: 0 | AR14: 279116 | AS14: 7871334
A15: C07 | B15: 1차 금속제품 | C15: 408 | D15: 7 | E15: 0 | F15: 4713 | G15: 423 | H15: 14064 | I15: 1955775 | J15: 22979 | K15: 28789189 | L15: 4180771 | M15: 2708037 | N15: 4376195 | O15: 1504504 | P15: 6067366 | Q15: 261104 | R15: 82173 | S15: 35069 | T15: 8142 | U15: 2165701 | V15: 11 | W15: 117848 | X15: 0 | Y15: 0 | Z15: 0 | AA15: 2 | AB15: 56161 | AC15: 216 | AD15: 20 | AE15: 0 | AF15: 192309 | AG15: 0 | AH15: 309 | AI15: 0 | AJ15: 52543496 | AK15: 10179 | AL15: 0 | AM15: 0 | AN15: 0 | AO15: -197121 | AP15: 33102 | AQ15: 0 | AR15: -153840 | AS15: 52389656
A16: C08 | B16: 금속가공제품 | C16: 1615 | D16: 5465 | E16: 153937 | F16: 131663 | G16: 14605 | H16: 27749 | I16: 347215 | J16: 80661 | K16: 92724 | L16: 2667595 | M16: 701714 | N16: 298453 | O16: 784745 | P16: 1813669 | Q16: 163305 | R16: 157203 | S16: 70256 | T16: 1812 | U16: 615883 | V16: 81840 | W16: 346465 | X16: 220397 | Y16: 3027 | Z16: 5250 | AA16: 2117 | AB16: 140927 | AC16: 12213 | AD16: 159772 | AE16: 8294 | AF16: 2317 | AG16: 2422 | AH16: 25019 | AI16: 0 | AJ16: 9140329 | AK16: 952367 | AL16: 0 | AM16: 222504 | AN16: 779287 | AO16: 24398 | AP16: 0 | AQ16: 0 | AR16: 1978556 | AS16: 11118885
A17: C09 | B17: 컴퓨터, 전자 및 광학기기 | C17: 762 | D17: 26 | E17: 623 | F17: 734 | G17: 7416 | H17: 10035 | I17: 107718 | J17: 6852 | K17: 16547 | L17: 30961 | M17: 65367442 | N17: 5974518 | O17: 2485204 | P17: 5186906 | Q17: 12462 | R17: 181956 | S17: 121105 | T17: 7152 | U17: 288672 | V17: 126164 | W17: 182130 | X17: 19704 | Y17: 4323084 | Z17: 121828 | AA17: 25220 | AB17: 3108748 | AC17: 94493 | AD17: 364092 | AE17: 491317 | AF17: 2475979 | AG17: 24866 | AH17: 425583 | AI17: 0 | AJ17: 91590299 | AK17: 15209720 | AL17: 0 | AM17: 18979967 | AN17: 2617685 | AO17: 115533 | AP17: 0 | AQ17: 298642 | AR17: 37221547 | AS17: 128811846
A18: C10 | B18: 전기장비 | C18: 236 | D18: 19 | E18: 160 | F18: 2346 | G18: 339 | H18: 1371 | I18: 62492 | J18: 3460 | K18: 76599 | L18: 88776 | M18: 3919932 | N18: 16746521 | O18: 1792070 | P18: 6628086 | Q18: 13138 | R18: 160103 | S18: 440442 | T18: 1109 | U18: 1674617 | V18: 10277 | W18: 406298 | X18: 33543 | Y18: 61425 | Z18: 389 | AA18: 3898 | AB18: 337855 | AC18: 60004 | AD18: 88142 | AE18: 8015 | AF18: 30152 | AG18: 7288 | AH18: 597502 | AI18: 0 | AJ18: 33256604 | AK18: 4016959 | AL18: 0 | AM18: 4000926 | AN18: 87059 | AO18: -84840 | AP18: 0 | AQ18: 20 | AR18: 8020124 | AS18: 41276728
... A40: 9590 | B40: 중간투입계 | C40: 2537110 | D40: 37182 | E40: 26113673 | F40: 21923172 | G40: 6243731 | H40: 114342467 | I40: 97479274 | J40: 4224953 | K40: 66807765 | L40: 9691394 | M40: 92907910 | N40: 40726894 | O40: 26114545 | P40: 41654834 | Q40: 3136916 | R40: 2430573 | S40: 72452504 | T40: 805057 | U40: 12126825 | V40: 12328235 | W40: 42048502 | X40: 12450858 | Y40: 19810926 | Z40: 8486736 | AA40: 1588189 | AB40: 13732996 | AC40: 4342416 | AD40: 6395182 | AE40: 2332323 | AF40: 13887366 | AG40: 2081984 | AH40: 2956650 | AI40: 6405 | AJ40: 784205547 | AK40: 137512038 | AL40: 0 | AM40: 80240126 | AN40: 9439880 | AO40: 325089 | AP40: 848849 | AQ40: 3385758 | AR40: 231751740 | AS40: 1015957287

Sheet 총투입계수(A)
A1: 투입산출표_총투입계수표(2023년 가격)
A2: 2023년
A3: 생산자가격
A5: 상품 상품 | C5: A | D5: B | E5: C01 | F5: C02 | G5: C03 | H5: C04 | I5: C05 | J5: C06 | K5: C07 | L5: C08 | M5: C09 | N5: C10 | O5: C11 | P5: C12 | Q5: C13 | R5: C14 | S5: D | T5: E | U5: F | V5: G | W5: H | X5: I | Y5: J | Z5: K | AA5: L | AB5: M | AC5: N | AD5: O | AE5: P | AF5: Q | AG5: R | AH5: S | AI5: T | AJ5: 9090
C6: 농림수산품 | D6: 광산품 | E6: 음식료품 | F6: 섬유 및 가죽제품 | G6: 목재 및 종이, 인쇄 | H6: 석탄 및 석유제품 | I6: 화학제품 | J6: 비금속광물제품 | K6: 1차 금속제품 | L6: 금속가공제품 | M6: 컴퓨터, 전자 및 광학기기 | N6: 전기장비 | O6: 기계 및 장비 | P6: 운송장비 | Q6: 기타 제조업제품 | R6: 제조임가공 및 산업용 장비 수리 | S6: 전력, 가스 및 증기 | T6: 수도, 폐기물처리 및 재활용서비스 | U6: 건설 | V6: 도소매 및 상품중개서비스 | W6: 운송서비스 | X6: 음식점 및 숙박서비스 | Y6: 정보통신 및 방송서비스 | Z6: 금융 및 보험서비스 | AA6: 부동산서비스 | AB6: 전문, 과학 및 기술 서비스 | AC6: 사업지원서비스 | AD6: 공공행정, 국방 및 사회보장 | AE6: 교육서비스 | AF6: 보건 및 사회복지서비스 | AG6: 예술, 스포츠 및 여가 관련 서비스 | AH6: 기타 서비스 | AI6: 기타 | AJ6: 중간수요계
A7: A | B7: 농림수산품 | C7: 0.057464857 | D7: 0.00065201103 | E7: 0.24555015 | F7: 0.0037691484 | G7: 0.011815633 | H7: 2.3804539e-05 | I7: 0.0035222163 | J7: 7.1103208e-05 | K7: 3.3668733e-05 | L7: 5.4167751e-05 | M7: 2.2944749e-05 | N7: 1.2051854e-05 | O7: 3.7561318e-05 | P7: 7.2137131e-06 | Q7: 0.00051265806 | R7: 0.0056020053 | S7: 2.472989e-05 | T7: 0.00030476791 | U7: 0.0011780914 | V7: 0.00026195704 | W7: 5.9218335e-05 | X7: 0.059976726 | Y7: 6.6064196e-05 | Z7: 5.123771e-05 | AA7: 2.6073256e-05 | AB7: 0.00020511372 | AC7: 0.00014256714 | AD7: 0.0016454589 | AE7: 0.0046431687 | AF7: 0.004129432 | AG7: 0.0011136215 | AH7: 0.00088981492 | AI7: 0.00067829239 | AJ7: 0.011765397
A8: B | B8: 광산품 | C8: 2.7744749e-05 | D8: 0.00056302363 | E8: 0.00026701398 | F8: 5.1197157e-05 | G8: 0.00062524674 | H8: 0.6120614 | I8: 0.023044617 | J8: 0.10246767 | K8: 0.17317931 | L8: 0.0002970092 | M8: 0.00011751601 | N8: 5.0875957e-05 | O8: 8.8169628e-05 | P8: 1.7209689e-05 | Q8: 0.00013077307 | R8: 0.00079444393 | S8: 0.45222717 | T8: 0.0012820157 | U8: 0.00081519807 | V8: 0 | W8: 0 | X8: 6.8428923e-05 | Y8: 0 | Z8: 0 | AA8: 5.1874264e-07 | AB8: 4.8479688e-05 | AC8: 9.2952056e-05 | AD8: 8.2772315e-05 | AE8: 6.9522287e-06 | AF8: 7.6303483e-05 | AG8: 3.7403042e-05 | AH8: 2.9669076e-05 | AI8: 6.7729637e-06 | AJ8: 0.038792643
A9: C01 | B9: 음식료품 | C9: 0.18214186 | D9: 0.0030390886 | E9: 0.20432355 | F9: 0.01807053 | G9: 0.0015667677 | H9: 0.00016847814 | I9: 0.0051747699 | J9: 0.00063654488 | K9: 0.00040766213 | L9: 0.00077795984 | M9: 8.8983602e-05 | N9: 0.00013731704 | O9: 0.0004358396 | P9: -4.4919602e-05 | Q9: 0.00037922461 | R9: 0.0066336234 | S9: 0.010992057 | T9: 0.0018085113 | U9: 8.7304665e-05 | V9: 0.0053904869 | W9: 0.0010738816 | X9: 0.27994744 | Y9: 0.001473806 | Z9: 0.00071979176 | AA9: 7.6119044e-05 | AB9: 0.0047239413 | AC9: 0.0050589298 | AD9: 0.0058197241 | AE9: 0.02067517 | AF9: 0.01518077 | AG9: 0.042760256 | AH9: 0.013474184 | AI9: 0.01090985 | AJ9: 0.023573902
A10: C02 | B10: 섬유 및 가죽제품 | C10: 0.0093247874 | D10: 0.0035221362 | E10: 0.00083655279 | F10: 0.31274145 | G10: 0.010905819 | H10: 0.00056748027 | I10: 0.0044450437 | J10: 0.0032917401 | K10: 0.00094597624 | L10: 0.0029248751 | M10: 0.0012400765 | N10: 0.0010179533 | O10: 0.00080169989 | P10: 0.0036619797 | Q10: 0.05889238 | R10: 0.027701212 | S10: 0.00030637769 | T10: 0.0062315097 | U10: 0.00053695627 | V10: 0.0045243361 | W10: 0.0087938368 | X10: 0.0070647298 | Y10: 0.0011481987 | Z10: 0.0004646684 | AA10: 0.00064608844 | AB10: 0.0015584656 | AC10: 0.0081659496 | AD10: 0.0034032524 | AE10: 0.0013778436 | AF10: 0.0041939263 | AG10: 0.0086004896 | AH10: 0.01058447 | AI10: 0.0034755264 | AJ10: 0.0075369612
A11: C03 | B11: 목재 및 종이, 인쇄 | C11: 0.011692177 | D11: 0.0020878246 | E11: 0.020368481 | F11: 0.0059228355 | G11: 0.30785682 | H11: 0.00076012543 | I11: 0.005303335 | J11: 0.0083886636 | K11: 0.0012686823 | L11: 0.0077845214 | M11: 0.00092550388 | N11: 0.0033073135 | O11: 0.0019048176 | P11: 0.00035677032 | Q11: 0.065710684 | R11: 0.0042187427 | S11: 0.0052265181 | T11: -0.00016435792 | U11: 0.017676943 | V11: 0.010790233 | W11: 0.006674815 | X11: 0.0095530217 | Y11: 0.0091923092 | Z11: 0.0068949469 | AA11: 0.0008384279 | AB11: 0.014252885 | AC11: 0.0043788151 | AD11: 0.0045080599 | AE11: 0.0062222317 | AF11: 0.0058920507 | AG11: 0.0047694289 | AH11: 0.010189973 | AI11: 0.0019683428 | AJ11: 0.010081211
A12: C04 | B12: 석탄 및 석유제품 | C12: 0.020976921 | D12: 0.023948123 | E12: 0.0020216898 | F12: 0.0025951058 | G12: 0.0054662808 | H12: 0.048060724 | I12: 0.11654857 | J12: 0.047404768 | K12: 0.0037590638 | L12: 0.0038734968 | M12: 0.00033849602 | N12: 0.0029657748 | O12: 0.0018209503 | P12: 0.0014025985 | Q12: 0.0015849626 | R12: 0.010464824 | S12: 0.027108996 | T12: 0.016530579 | U12: 0.013696755 | V12: 0.023970117 | W12: 0.11133453 | X12: 0.015543976 | Y12: 0.001852065 | Z12: 0.00063331161 | AA12: 0.0033774413 | AB12: 0.012314026 | AC12: 0.0063650469 | AD12: 0.016564208 | AE12: 0.016839717 | AF12: 0.0071374648 | AG12: 0.0054678766 | AH12: 0.013401305 | AI12: 0.00448669 | AJ12: 0.021415419
A13: C05 | B13: 화학제품 | C13: 0.072038546 | D13: 0.041170376 | E13: 0.025880355 | F13: 0.097202321 | G13: 0.067895944 | H13: 0.020037016 | I13: 0.34347804 | J13: 0.050041489 | K13: 0.016169408 | L13: 0.066098083 | M13: 0.063126455 | N13: 0.10074962 | O13: 0.030032288 | P13: 0.064644423 | Q13: 0.1035882 | R13: 0.020485681 | S13: 0.015936116 | T13: 0.051791477 | U13: 0.035712566 | V13: 0.013339546 | W13: 0.0070550012 | X13: 0.021714651 | Y13: 0.0037212255 | Z13: 0.00052654509 | AA13: 0.0010211798 | AB13: 0.028896092 | AC13: 0.02766379 | AD13: 0.0079720067 | AE13: 0.0082304928 | AF13: 0.15033653 | AG13: 0.011718126 | AH13: 0.045694862 | AI13: 0.006365789 | AJ13: 0.055772435
A14: C06 | B14: 비금속광물제품 | C14: 0.00049436958 | D14: 0.0016742397 | E14: 0.0049631639 | F14: 0.00059270116 | G14: 0.001063239 | H14: 0.00087170602 | I14: 0.0043048118 | J14: 0.14996979 | K14: 0.017017791 | L14: 0.0044974054 | M14: 0.0062135525 | N14: 0.010457889 | O14: 0.0027565274 | P14: 0.0068236179 | Q14: 0.0088804413 | R14: 0.0021028013 | S14: -0.0010021506 | T14: 0.004487976 | U14: 0.086967783 | V14: 0.00030134783 | W14: 0.00034692451 | X14: 0.0033170686 | Y14: 6.2578212e-05 | Z14: 1.686995e-05 | AA14: 0.00030978133 | AB14: 0.00095868273 | AC14: 0.0015671645 | AD14: 0.0016346471 | AE14: 0.00092500925 | AF14: 0.00032567925 | AG14: 0.0021905818 | AH14: 0.00068806276 | AI14: 0.00090996759 | AJ14: 0.0092537921
A15: C07 | B15: 1차 금속제품 | C15: 0.0012300982 | D15: 0.0015386935 | E15: 0.00014385815 | F15: 3.8440627e-05 | G15: 0.00081621452 | H15: 0.0031836065 | I15: 0.0089975467 | J15: 0.017776786 | K15: 0.32602882 | L15: 0.19204347 | M15: 0.020975215 | N15: 0.10599213 | O15: 0.072745394 | P15: 0.078217538 | Q15: 0.061010731 | R15: 0.011047134 | S15: 0.0027291751 | T15: 0.0040844738 | U15: 0.0750977 | V15: -1.7982859e-06 | W15: 0.00059758533 | X15: 0.00012191165 | Y15: -9.7277719e-05 | Z15: -2.9877478e-07 | AA15: -1.9645998e-06 | AB15: 0.0012234796 | AC15: 8.2391527e-06 | AD15: 1.5348868e-05 | AE15: -0.00012749208 | AF15: 0.0016704859 | AG15: -7.4836997e-05 | AH15: -0.00036520782 | AI15: 0.0018199352 | AJ15: 0.032603833
A16: C08 | B16: 금속가공제품 | C16: 0.0010522753 | D16: 0.022126885 | E16: 0.012999702 | F16: 0.0035372646 | G16: 0.010879415 | H16: 0.0164255 | I16: 0.0070988712 | J16: 0.013126805 | K16: 0.0082008665 | L16: 0.15355829 | M16: 0.0084592362 | N16: 0.030244058 | O16: 0.10658081 | P16: 0.055862347 | Q16: 0.051514533 | R16: 0.013307556 | S16: 0.0057300888 | T16: 0.013110858 | U16: 0.074440231 | V16: 0.0028935354 | W16: 0.004872028 | X16: 0.0077859107 | Y16: 0.0011530314 | Z16: 0.0006127611 | AA16: 0.00073882932 | AB16: 0.0035068352 | AC16: 0.0076324281 | AD16: 0.0086008117 | AE16: 0.003072114 | AF16: 0.0016236096 | AG16: 0.0039508741 | AH16: 0.011681209 | AI16: 0.0031462408 | AJ16: 0.020578325
A17: C09 | B17: 컴퓨터, 전자 및 광학기기 | C17: 0.0024527843 | D17: 0.0025008462 | E17: 0.00098422684 | F17: 0.000593086 | G17: 0.0041003711 | H17: 0.0046556196 | I17: 0.0019386569 | J17: 0.0018536217 | K17: 0.0024691829 | L17: 0.0082887811 | M17: 0.34736626 | N17: 0.083112391 | O17: 0.04789776 | P17: 0.033951483 | Q17: 0.005194472 | R17: 0.024604529 | S17: 0.0077382271 | T17: 0.010755755 | U17: 0.0034645421 | V17: 0.0078073277 | W17: 0.0039451797 | X17: 0.0068164638 | Y17: 0.045841085 | Z17: 0.00261699 | AA17: 0.0023232974 | AB17: 0.038483198 | AC17: 0.01121059 | AD17: 0.0054382932 | AE17: 0.012720952 | AF17: 0.019903751 | AG17: 0.0080899535 | AH17: 0.032056499 | AI17: 0.010309646 | AJ17: 0.034160696
A18: C10 | B18: 전기장비 | C18: 0.0017163941 | D18: 0.017712998 | E18: 0.00073469141 | F18: 0.00095179391 | G18: 0.0036814631 | H18: 0.0026616284 | I18: 0.0014191763 | J18: 0.0065379144 | K18: 0.0028579913 | L18: 0.010239165 | M18: 0.025458153 | N18: 0.2541447 | O18: 0.045580749 | P18: 0.076727336 | Q18: 0.010775044 | R18: 0.021045006 | S18: 0.014148714 | T18: 0.023276694 | U18: 0.045246713 | V18: 0.0047640932 | W18: 0.014707547 | X18: 0.011390256 | Y18: 0.014536029 | Z18: 0.0015967953 | AA18: 0.0031280475 | AB18: 0.023434138 | AC18: 0.017208936 | AD18: 0.0048488058 | AE18: 0.0050926338 | AF18: 0.0027278563 | AG18: 0.0070738581 | AH18: 0.039161624 | AI18: 0.0023476287 | AJ18: 0.024221716
... A46: 9790 | B46: 총투입계 | C46: 1 | D46: 1 | E46: 1 | F46: 1 | G46: 1 | H46: 1 | I46: 1 | J46: 1 | K46: 1 | L46: 1 | M46: 1 | N46: 1 | O46: 1 | P46: 1 | Q46: 1 | R46: 1 | S46: 1 | T46: 1 | U46: 1 | V46: 1 | W46: 1 | X46: 1 | Y46: 1 | Z46: 1 | AA46: 1 | AB46: 1 | AC46: 1 | AD46: 1 | AE46: 1 | AF46: 1 | AG46: 1 | AH46: 1 | AI46: 1 | AJ46: 1

Sheet A표_총거래표(생산자)_new
A1: 투입산출표_총거래표(2023년 가격)
A2: 2023년 | K2: 채워 넣어야하는 값
A3: 생산자가격 | K3: =cases2!B6-cases2!D43-SUM(cases2!D44:D46) -> 350
A4: 단위 : 백만원
A5: 상품 상품 | C5: A | D5: B | E5: C01 | F5: C02 | G5: C03 | H5: C04 | I5: C05 | M5: C06 | N5: C07 | O5: C08 | P5: C09 | Q5: C10 | R5: C11 | S5: C12 | T5: C13 | U5: C14 | V5: D | W5: E | X5: F | Y5: G | Z5: H | AA5: I | AB5: J | AC5: K | AD5: L | AE5: M | AF5: N | AG5: O | AH5: P | AI5: Q | AJ5: R | AK5: S | AL5: T | AM5: 9090 | AN5: 9111 | AO5: 9112 | AP5: 9121 | AQ5: 9122 | AR5: 9131 | AS5: 9132 | AT5: 9140 | AU5: 9190 | AV5: 9290 | AW5: 9310 | AX5: 9321 | AY5: 9322 | AZ5: 9329 | BA5: 9331 | BB5: 9332 | BC5: 9390
C6: 농림수산품 | D6: 광산품 | E6: 음식료품 | F6: 섬유 및 가죽제품 | G6: 목재 및 종이, 인쇄 | H6: 석탄 및 석유제품 | I6: 화학제품 | J6: 3.기존 C05 조정 | K6: 1.투입계수 적용 | L6: 2.총액맞추기 | M6: 비금속광물제품 | N6: 1차 금속제품 | O6: 금속가공제품 | P6: 컴퓨터, 전자 및 광학기기 | Q6: 전기장비 | R6: 기계 및 장비 | S6: 운송장비 | T6: 기타 제조업제품 | U6: 제조임가공 및 산업용 장비 수리 | V6: 전력, 가스 및 증기 | W6: 수도, 폐기물처리 및 재활용서비스 | X6: 건설 | Y6: 도소매 및 상품중개서비스 | Z6: 운송서비스 | AA6: 음식점 및 숙박서비스 | AB6: 정보통신 및 방송서비스 | AC6: 금융 및 보험서비스 | AD6: 부동산서비스 | AE6: 전문, 과학 및 기술 서비스 | AF6: 사업지원서비스 | AG6: 공공행정, 국방 및 사회보장 | AH6: 교육서비스 | AI6: 보건 및 사회복지서비스 | AJ6: 예술, 스포츠 및 여가 관련 서비스 | AK6: 기타 서비스 | AL6: 기타 | AM6: 중간수요계 | AN6: 민간소비지출 (가계 및 가계봉사 비영리단체) | AO6: 정부소비지출 | AP6: 민간고정 자본형성 | AQ6: 정부고정 자본형성 | AR6: 재고증감 | AS6: 귀중품 순취득 | AT6: 수출 | AU6: 최종수요계 | AV6: 총수요계 | AW6: 총산출 | AX6: 수입 | AY6: 생산물세(수입) | AZ6: 수입계 | BA6: 도소매마진 | BB6: 화물운임 | BC6: 총공급계
A7: A | B7: 농림수산품 | C7: 4256311 | D7: 3473 | E7: 44787107 | F7: 264444 | G7: 661849 | H7: 4203 | I7: 1326559 | J7: =I7-L7 -> 1326557.3 | K7: ='총투입계수(A)'!I7*cases2!$B$6 -> 3.5222163 | L7: =K7/SUM($K$7:$K$18,$K$20:$K$22,$K$24:$K$39)*$K$3 -> 1.7124297 | M7: 3614 | N7: 6461 | O7: 7383 | P7: 7338 | Q7: 2082 | R7: 6967 | S7: 2432 | T7: 14838 | U7: 542287 | V7: 3751 | W7: 12739 | X7: 403188 | Y7: 103863 | Z7: 13100 | AA7: 13418941 | AB7: 14422 | AC7: 11833 | AD7: 7087 | AE7: 72958 | AF7: 20574 | AG7: 333297 | AH7: 716622 | AI7: 904970 | AJ7: 72052 | AK7: 72609 | AL7: 3405 | AM7: 68082759 | AN7: 20977330 | AO7: 0 | AP7: 1005548 | AQ7: 708 | AR7: -196797 | AS7: 0 | AT7: 1148216 | AU7: 22935005 | AV7: 91017764 | AW7: 74068069 | AX7: 16390900 | AY7: 558795 | AZ7: 16949695 | BA7: 0 | BB7: 0 | BC7: 91017764
A8: B | B8: 광산품 | C8: 2055 | D8: 2999 | E8: 48702 | F8: 3592 | G8: 35023 | H8: 108067377 | I8: 8679207 | J8: =I8-L8 -> 8679195.8 | K8: ='총투입계수(A)'!I8*cases2!$B$6 -> 23.044617 | L8: =K8/SUM($K$7:$K$18,$K$20:$K$22,$K$24:$K$39)*$K$3 -> 11.203823 | M8: 5208178 | N8: 33232955 | O8: 40482 | P8: 37583 | Q8: 8789 | R8: 16354 | S8: 5802 | T8: 3785 | U8: 76904 | V8: 68593275 | W8: 53587 | X8: 278992 | Y8: 0 | Z8: 0 | AA8: 15310 | AB8: 0 | AC8: 0 | AD8: 141 | AE8: 17244 | AF8: 13414 | AG8: 16766 | AH8: 1073 | AI8: 16722 | AJ8: 2420 | AK8: 2421 | AL8: 34 | AM8: 224481186 | AN8: 20312 | AO8: 0 | AP8: 0 | AQ8: 0 | AR8: -1208060 | AS8: 0 | AT8: 164539 | AU8: -1023209 | AV8: 223457977 | AW8: 5326597 | AX8: 213114501 | AY8: 5016879 | AZ8: 218131380 | BA8: 0 | BB8: 0 | BC8: 223457977
A9: C01 | B9: 음식료품 | C9: 13490896 | D9: 16188 | E9: 37267582 | F9: 1267831 | G9: 87762 | H9: 29747 | I9: 1948954 | J9: =I9-L9 -> 1948951.5 | K9: ='총투입계수(A)'!I9*cases2!$B$6 -> 5.1747699 | L9: =K9/SUM($K$7:$K$18,$K$20:$K$22,$K$24:$K$39)*$K$3 -> 2.5158675 | M9: 32354 | N9: 78230 | O9: 106035 | P9: 28458 | Q9: 23722 | R9: 80841 | S9: -15144 | T9: 10976 | U9: 642150 | V9: 1667262 | W9: 75594 | X9: 29879 | Y9: 2137267 | Z9: 237559 | AA9: 62634265 | AB9: 321736 | AC9: 166231 | AD9: 20690 | AE9: 1680284 | AF9: 730059 | AG9: 1178818 | AH9: 3190985 | AI9: 3326884 | AJ9: 2766615 | AK9: 1099495 | AL9: 54767 | AM9: 136414972 | AN9: 79996863 | AO9: 0 | AP9: 0 | AQ9: 0 | AR9: -312055 | AS9: 0 | AT9: 13216832 | AU9: 92901640 | AV9: 229316612 | AW9: 182394945 | AX9: 42877588 | AY9: 4044079 | AZ9: 46921667 | BA9: 0 | BB9: 0 | BC9: 229316612
A10: C02 | B10: 섬유 및 가죽제품 | C10: 690669 | D10: 18761 | E10: 152583 | F10: 21941986 | G10: 610886 | H10: 100196 | I10: 1674120 | J10: =I10-L10 -> 1674117.8 | K10: ='총투입계수(A)'!I10*cases2!$B$6 -> 4.4450437 | L10: =K10/SUM($K$7:$K$18,$K$20:$K$22,$K$24:$K$39)*$K$3 -> 2.1610896 | M10: 167311 | N10: 181532 | O10: 398657 | P10: 396591 | Q10: 175855 | R10: 148702 | S10: 1234584 | T10: 1704538 | U10: 2681541 | V10: 46471 | W10: 260471 | X10: 183767 | Y10: 1793848 | Z10: 1945331 | AA10: 1580633 | AB10: 250655 | AC10: 107312 | AD10: 175614 | AE10: 554339 | AF10: 1178436 | AG10: 689348 | AH10: 212655 | AI10: 919104 | AJ10: 556457 | AK10: 863694 | AL10: 17447 | AM10: 43614094 | AN10: 44692848 | AO10: 0 | AP10: 99316 | AQ10: 49995 | AR10: 238347 | AS10: 0 | AT10: 20177963 | AU10: 65258469 | AV10: 108872563 | AW10: 70160146 | AX10: 35870234 | AY10: 2842183 | AZ10: 38712417 | BA10: 0 | BB10: 0 | BC10: 108872563
A11: C03 | B11: 목재 및 종이, 인쇄 | C11: 866017 | D11: 11121 | E11: 3715108 | F11: 415547 | G11: 17244503 | H11: 134210 | I11: 1997375 | J11: =I11-L11 -> 1997372.4 | K11: ='총투입계수(A)'!I11*cases2!$B$6 -> 5.303335 | L11: =K11/SUM($K$7:$K$18,$K$20:$K$22,$K$24:$K$39)*$K$3 -> 2.5783733 | M11: 426375 | N11: 243459 | O11: 1061021 | P11: 295987 | Q11: 571350 | R11: 353312 | S11: 120280 | T11: 1901882 | U11: 408384 | V11: 792752 | W11: -6870 | X11: 6049727 | Y11: 4278205 | Z11: 1476571 | AA11: 2137353 | AB11: 2006707 | AC11: 1592341 | AD11: 227894 | AE11: 5069685 | AF11: 631911 | AG11: 913133 | AH11: 960333 | AI11: 1291250 | AJ11: 308585 | AK11: 831503 | AL11: 9881 | AM11: 58336892 | AN11: 1990283 | AO11: 0 | AP11: 0 | AQ11: 0 | AR11: 247498 | AS11: 0 | AT11: 4630328 | AU11: 6868109 | AV11: 65205001 | AW11: 56014686 | AX11: 8967588 | AY11: 222727 | AZ11: 9190315 | BA11: 0 | BB11: 0 | BC11: 65205001
A12: C04 | B12: 석탄 및 석유제품 | C12: 1553720 | D12: 127562 | E12: 368746 | F12: 182073 | G12: 306192 | H12: 8485744 | I12: 43895247 | J12: =I12-L12 -> 43895190 | K12: ='총투입계수(A)'!I12*cases2!$B$6 -> 116.54857 | L12: =K12/SUM($K$7:$K$18,$K$20:$K$22,$K$24:$K$39)*$K$3 -> 56.663537 | M12: 2409467 | N12: 721361 | O12: 527953 | P12: 108255 | Q12: 512348 | R12: 337756 | S12: 472866 | T12: 45874 | U12: 1013019 | V12: 4111860 | W12: 690962 | X12: 4687554 | Y12: 9503880 | Z12: 24628899 | AA12: 3477744 | AB12: 404311 | AC12: 146259 | AD12: 918026 | AE12: 4380042 | AF12: 918546 | AG12: 3355174 | AH12: 2599025 | AI12: 1564184 | AJ12: 353775 | AK12: 1093548 | AL12: 22523 | AM12: 123924495 | AN12: 20010215 | AO12: 0 | AP12: 0 | AQ12: 0 | AR12: 685143 | AS12: 0 | AT12: 77066088 | AU12: 97761446 | AV12: 221685941 | AW12: 176562966 | AX12: 44170694 | AY12: 952281 | AZ12: 45122975 | BA12: 0 | BB12: 0 | BC12: 221685941
A13: C05 | B13: 화학제품 | C13: 5335756 | D13: 219298 | E13: 4720446 | F13: 6819729 | G13: 3803170 | H13: 3537795 | I13: 129362837 | J13: =I13-L13 -> 1.2936267e+08 | K13: ='총투입계수(A)'!I13*cases2!$B$6 -> 343.47804 | L13: =K13/SUM($K$7:$K$18,$K$20:$K$22,$K$24:$K$39)*$K$3 -> 166.99202 | M13: 2543485 | N13: 3102895 | O13: 9009090 | P13: 20188581 | Q13: 17404850 | R13: 5570490 | S13: 21793941 | T13: 2998181 | U13: 1983061 | V13: 2417171 | W13: 2164833 | X13: 12222208 | Y13: 5288979 | Z13: 1560674 | AA13: 4858345 | AB13: 812354 | AC13: 121602 | AD13: 277568 | AE13: 10278206 | AF13: 3992188 | AG13: 1614775 | AH13: 1270286 | AI13: 32946431 | AJ13: 758170 | AK13: 3728706 | AL13: 31956 | AM13: 322738057 | AN13: 16391860 | AO13: 0 | AP13: 0 | AQ13: 0 | AR13: 2035871 | AS13: 0 | AT13: 141937188 | AU13: 160364919 | AV13: 483102976 | AW13: 376626218 | AX13: 104125789 | AY13: 2350969 | AZ13: 106476758 | BA13: 0 | BB13: 0 | BC13: 483102976
A14: C06 | B14: 비금속광물제품 | C14: 36617 | D14: 8918 | E14: 905256 | F14: 41584 | G14: 59557 | H14: 153911 | I14: 1621305 | J14: =I14-L14 -> 1621302.9 | K14: ='총투입계수(A)'!I14*cases2!$B$6 -> 4.3048118 | L14: =K14/SUM($K$7:$K$18,$K$20:$K$22,$K$24:$K$39)*$K$3 -> 2.0929117 | M14: 7622593 | N14: 3265699 | O14: 612991 | P14: 1987167 | Q14: 1806637 | R14: 511290 | S14: 2300485 | T14: 257029 | U14: 203556 | V14: -152005 | W14: 187593 | X14: 29763706 | Y14: 119481 | Z14: 76745 | AA14: 742147 | AB14: 13661 | AC14: 3896 | AD14: 84202 | AE14: 340999 | AF14: 226159 | AG14: 331107 | AH14: 142765 | AI14: 71373 | AJ14: 141732 | AK14: 56146 | AL14: 4568 | AM14: 53548870 | AN14: 181273 | AO14: 0 | AP14: 0 | AQ14: 0 | AR14: 187387 | AS14: 0 | AT14: 4781328 | AU14: 5149988 | AV14: 58698858 | AW14: 50827524 | AX14: 7600425 | AY14: 270909 | AZ14: 7871334 | BA14: 0 | BB14: 0 | BC14: 58698858
A15: C07 | B15: 1차 금속제품 | C15: 91111 | D15: 8196 | E15: 26239 | F15: 2697 | G15: 45720 | H15: 562107 | I15: 3388712 | J15: =I15-L15 -> 3388707.6 | K15: ='총투입계수(A)'!I15*cases2!$B$6 -> 8.9975467 | L15: =K15/SUM($K$7:$K$18,$K$20:$K$22,$K$24:$K$39)*$K$3 -> 4.3744237 | M15: 903550 | N15: 62564642 | O15: 26175296 | P15: 6708120 | Q15: 18310513 | R15: 13493061 | S15: 26369922 | T15: 1765850 | U15: 1069388 | V15: 413958 | W15: 170727 | X15: 25701309 | Y15: -713 | Z15: 132195 | AA15: 27276 | AB15: -21236 | AC15: -69 | AD15: -534 | AE15: 435186 | AF15: 1189 | AG15: 3109 | AH15: -19677 | AI15: 366089 | AJ15: -4842 | AK15: -29801 | AL15: 9136 | AM15: 188668426 | AN15: -731720 | AO15: 0 | AP15: -3134918 | AQ15: -83309 | AR15: 118320 | AS15: 163833 | AT15: 59288136 | AU15: 55620342 | AV15: 244288768 | AW15: 191899112 | AX15: 52115731 | AY15: 273925 | AZ15: 52389656 | BA15: 0 | BB15: 0 | BC15: 244288768
A16: C08 | B16: 금속가공제품 | C16: 77940 | D16: 117861 | E16: 2371080 | F16: 248175 | G16: 609407 | H16: 2900135 | I16: 2673621 | J16: =I16-L16 -> 2673617.5 | K16: ='총투입계수(A)'!I16*cases2!$B$6 -> 7.0988712 | L16: =K16/SUM($K$7:$K$18,$K$20:$K$22,$K$24:$K$39)*$K$3 -> 3.4513263 | M16: 667203 | N16: 1573739 | O16: 20929812 | P16: 2705363 | Q16: 5224767 | R16: 19768968 | S16: 18833190 | T16: 1490999 | U16: 1288202 | V16: 869133 | W16: 548021 | X16: 25476298 | Y16: 1147254 | Z16: 1077767 | AA16: 1741987 | AB16: 251710 | AC16: 141513 | AD16: 200822 | AE16: 1247365 | AF16: 1101443 | AG16: 1742143 | AH16: 474147 | AI16: 355816 | AJ16: 255624 | AK16: 953188 | AL16: 15794 | AM16: 119080487 | AN16: 1887217 | AO16: 0 | AP16: 6527800 | AQ16: 2370938 | AR16: 174696 | AS16: 0 | AT16: 17376557 | AU16: 28337208 | AV16: 147417695 | AW16: 136298810 | AX16: 10772512 | AY16: 346373 | AZ16: 11118885 | BA16: 0 | BB16: 0 | BC16: 147417695
A17: C09 | B17: 컴퓨터, 전자 및 광학기기 | C17: 181673 | D17: 13321 | E17: 179518 | F17: 41611 | G17: 229681 | H17: 822010 | I17: 730149 | J17: =I17-L17 -> 730148.06 | K17: ='총투입계수(A)'!I17*cases2!$B$6 -> 1.9386569 | L17: =K17/SUM($K$7:$K$18,$K$20:$K$22,$K$24:$K$39)*$K$3 -> 0.94253541 | M17: 94215 | N17: 473834 | O17: 1129751 | P17: 111091806 | Q17: 14357957 | R17: 8884238 | S17: 11446256 | T17: 150345 | U17: 2381775 | V17: 1173725 | W17: 449580 | X17: 1185699 | Y17: 3095517 | Z17: 872734 | AA17: 1525087 | AB17: 10007238 | AC17: 604376 | AD17: 631498 | AE17: 13688295 | AF17: 1617811 | AG17: 1101557 | AH17: 1963339 | AI17: 4361931 | AJ17: 523425 | AK17: 2615814 | AL17: 51754 | AM17: 197677520 | AN17: 25091325 | AO17: 0 | AP17: 30155221 | AQ17: 4162495 | AR17: 486519 | AS17: 0 | AT17: 191050500 | AU17: 250946060 | AV17: 448623580 | AW17: 319811734 | AX17: 126034694 | AY17: 2777152 | AZ17: 128811846 | BA17: 0 | BB17: 0 | BC17: 448623580
A18: C10 | B18: 전기장비 | C18: 127130 | D18: 94350 | E18: 134004 | F18: 66778 | G18: 206216 | H18: 469945 | I18: 534499 | J18: =I18-L18 -> 534498.31 | K18: ='총투입계수(A)'!I18*cases2!$B$6 -> 1.4191763 | L18: =K18/SUM($K$7:$K$18,$K$20:$K$22,$K$24:$K$39)*$K$3 -> 0.68997456 | M18: 332306 | N18: 548446 | O18: 1395586 | P18: 8141816 | Q18: 43904389 | R18: 8454471 | S18: 25867522 | T18: 311865 | U18: 2037205 | V18: 2146060 | W18: 972943 | X18: 15485158 | Y18: 1888909 | Z18: 3253534 | AA18: 2548408 | AB18: 3173256 | AC18: 368769 | AD18: 850238 | AE18: 8335414 | AF18: 2483438 | AG18: 982153 | AH18: 785992 | AI18: 597813 | AJ18: 457683 | AK18: 3195593 | AL18: 11785 | AM18: 140163674 | AN18: 11254160 | AO18: 0 | AP18: 15865555 | AQ18: 302355 | AR18: -360625 | AS18: 0 | AT18: 46805116 | AU18: 73866561 | AV18: 214030235 | AW18: 172753507 | AX18: 40326770 | AY18: 949958 | AZ18: 41276728 | BA18: 0 | BB18: 0 | BC18: 214030235
A19: C11 | B19: 기계 및 장비 | C19: 129919 | D19: 120796 | E19: 347920 | F19: 31863 | G19: 94508 | H19: 1382092 | I19: 788628 | J19: =I19-L19 -> 788528 | K19: 100 | L19: =K19 -> 100 | M19: 155078 | N19: 734140 | O19: 2600060 | P19: 1519513 | Q19: 1498282 | R19: 39011415 | S19: 9746821 | T19: 56187 | U19: 1472837 | V19: 1127344 | W19: 1179355 | X19: 11223089 | Y19: 650365 | Z19: 989282 | AA19: 370234 | AB19: 128658 | AC19: 50603 | AD19: 337724 | AE19: 1323848 | AF19: 383679 | AG19: 539228 | AH19: 368941 | AI19: 247391 | AJ19: 151440 | AK19: 135707 | AL19: 6506 | AM19: 78903453 | AN19: 2796216 | AO19: 0 | AP19: 90764774 | AQ19: 1006484 | AR19: 229139 | AS19: 0 | AT19: 70735546 | AU19: 165532159 | AV19: 244435612 | AW19: 185483373 | AX19: 57666958 | AY19: 1285281 | AZ19: 58952239 | BA19: 0 | BB19: 0 | BC19: 244435612
A20: C12 | B20: 운송장비 | C20: 214292 | D20: 171746 | E20: 36186 | F20: 13210 | G20: 88391 | H20: 261289 | I20: 302513 | J20: =I20-L20 -> 302512.61 | K20: ='총투입계수(A)'!I20*cases2!$B$6 -> 0.80321811 | L20: =K20/SUM($K$7:$K$18,$K$20:$K$22,$K$24:$K$39)*$K$3 -> 0.39050826 | M20: 199501 | N20: 171865 | O20: 276460 | P20: 16439 | Q20: 89307 | R20: 701786 | S20: 96037051 | T20: 18832 | U20: 3598588 | V20: 153854 | W20: 575492 | X20: 37247 | Y20: 681877 | Z20: 10079696 | AA20: 179329 | AB20: 151437 | AC20: 22514 | AD20: 43088 | AE20: 3650026 | AF20: 876040 | AG20: 3578727 | AH20: 166906 | AI20: 225780 | AJ20: 108240 | AK20: 7993657 | AL20: 7888 | AM20: 130729254 | AN20: 40901705 | AO20: 0 | AP20: 42292727 | AQ20: 13019884 | AR20: 3133154 | AS20: 0 | AT20: 157357500 | AU20: 256704970 | AV20: 387434224 | AW20: 337135671 | AX20: 47691411 | AY20: 2607142 | AZ20: 50298553 | BA20: 0 | BB20: 0 | BC20: 387434224
A21: C13 | B21: 기타 제조업제품 | C21: 13043 | D21: 4348 | E21: 265784 | F21: 400619 | G21: 49555 | H21: 19543 | I21: 63826 | J21: =I21-L21 -> 63825.918 | K21: ='총투입계수(A)'!I21*cases2!$B$6 -> 0.16946776 | L21: =K21/SUM($K$7:$K$18,$K$20:$K$22,$K$24:$K$39)*$K$3 -> 0.082391766 | M21: 9664 | N21: 32816 | O21: 127540 | P21: 53518 | Q21: 39413 | R21: 60546 | S21: 58127 | T21: 1765026 | U21: 211009 | V21: 19253 | W21: 201605 | X21: 2450611 | Y21: 958311 | Z21: 218259 | AA21: 2773762 | AB21: 459712 | AC21: 238915 | AD21: 984873 | AE21: 1963776 | AF21: 962940 | AG21: 659646 | AH21: 2473529 | AI21: 820745 | AJ21: 1323183 | AK21: 807734 | AL21: 11875 | AM21: 20503106 | AN21: 10947329 | AO21: 0 | AP21: 4161544 | AQ21: 210426 | AR21: 166929 | AS21: 1489650 | AT21: 3980497 | AU21: 20956375 | AV21: 41459481 | AW21: 28943269 | AX21: 11601209 | AY21: 915003 | AZ21: 12516212 | BA21: 0 | BB21: 0 | BC21: 41459481
A22: C14 | B22: 제조임가공 및 산업용 장비 수리 | C22: 242070 | D22: 152155 | E22: 5486522 | F22: 9985095 | G22: 1801603 | H22: 435565 | I22: 9541669 | J22: =I22-L22 -> 9541656.7 | K22: ='총투입계수(A)'!I22*cases2!$B$6 -> 25.334585 | L22: =K22/SUM($K$7:$K$18,$K$20:$K$22,$K$24:$K$39)*$K$3 -> 12.317158 | M22: 1369996 | N22: 4224299 | O22: 5725936 | P22: 18958535 | Q22: 6950897 | R22: 12079284 | S22: 8404373 | T22: 2035952 | U22: 12334112 | V22: 411980 | W22: 403424 | X22: 190115 | Y22: 524872 | Z22: 87915 | AA22: 119377 | AB22: 257520 | AC22: 52047 | AD22: 76140 | AE22: 312264 | AF22: 1017368 | AG22: 230996 | AH22: 285366 | AI22: 1116365 | AJ22: 128510 | AK22: 55174 | AL22: 1492 | AM22: 104998988 | AN22: 28837 | AO22: 0 | AP22: 0 | AQ22: 0 | AR22: 0 | AS22: 0 | AT22: 4155270 | AU22: 4184107 | AV22: 109183095 | AW22: 96802300 | AX22: 12380795 | AY22: 0 | AZ22: 12380795 | BA22: 0 | BB22: 0 | BC22: 109183095
A23: D | B23: 전력, 가스 및 증기 | C23: 1767890 | D23: 309520 | E23: 3418331 | F23: 1482512 | G23: 2587944 | H23: 4698075 | I23: 13644506 | J23: =I23-L23 -> 13644306 | K23: 200 | L23: =K23 -> 200 | M23: 2510460 | N23: 13713403 | O23: 1874689 | P23: 10769625 | Q23: 1765024 | R23: 2141590 | S23: 4950664 | T23: 197778 | U23: 810329 | V23: 25782761 | W23: 909490 | X23: 748789 | Y23: 3749316 | Z23: 3699428 | AA23: 1395483 | AB23: 1207141 | AC23: 1004513 | AD23: 2119641 | AE23: 6920949 | AF23: 477521 | AG23: 1132201 | AH23: 3465835 | AI23: 1954483 | AJ23: 920786 | AK23: 777356 | AL23: 2523 | AM23: 122910556 | AN23: 28833591 | AO23: 0 | AP23: 0 | AQ23: 0 | AR23: 0 | AS23: 0 | AT23: 163506 | AU23: 28997097 | AV23: 151907653 | AW23: 151678800 | AX23: 228853 | AY23: 0 | AZ23: 228853 | BA23: 0 | BB23: 0 | BC23: 151907653
A24: E | B24: 수도, 폐기물처리 및 재활용서비스 | C24: 89368 | D24: 14541 | E24: 826779 | F24: 386115 | G24: 575476 | H24: 130595 | I24: 4924316 | J24: =I24-L24 -> 4924309.6 | K24: ='총투입계수(A)'!I24*cases2!$B$6 -> 13.074809 | L24: =K24/SUM($K$7:$K$18,$K$20:$K$22,$K$24:$K$39)*$K$3 -> 6.3567056 | M24: 637797 | N24: 5187656 | O24: 905612 | P24: 235320 | Q24: 281475 | R24: 742523 | S24: 461476 | T24: 55082 | U24: 255182 | V24: 332905 | W24: 2236474 | X24: 341237 | Y24: 165479 | Z24: 464005 | AA24: 2878054 | AB24: 361325 | AC24: 303706 | AD24: 2573899 | AE24: 1005874 | AF24: 452566 | AG24: 1046785 | AH24: 1383081 | AI24: 1977621 | AJ24: 421875 | AK24: 627650 | AL24: 8234 | AM24: 32290083 | AN24: 5621462 | AO24: 3376692 | AP24: 0 | AQ24: 0 | AR24: 0 | AS24: 0 | AT24: 703138 | AU24: 9701292 | AV24: 41991375 | AW24: 41799020 | AX24: 192355 | AY24: 0 | AZ24: 192355 | BA24: 0 | BB24: 0 | BC24: 41991375
A25: F | B25: 건설 | C25: 88514 | D25: 32490 | E25: 115964 | F25: 17981 | G25: 52301 | H25: 105287 | I25: 239147 | J25: =I25-L25 -> 239146.69 | K25: ='총투입계수(A)'!I25*cases2!$B$6 -> 0.63497173 | L25: =K25/SUM($K$7:$K$18,$K$20:$K$22,$K$24:$K$39)*$K$3 -> 0.3087103 | M25: 35374 | N25: 173084 | O25: 142250 | P25: 79641 | Q25: 106790 | R25: 86476 | S25: 23178 | T25: 15431 | U25: 19997 | V25: 294042 | W25: 116218 | X25: 22772 | Y25: 382154 | Z25: 135823 | AA25: 862064 | AB25: 378330 | AC25: 59155 | AD25: 18831564 | AE25: 837373 | AF25: 366211 | AG25: 850453 | AH25: 169025 | AI25: 98138 | AJ25: 151080 | AK25: 166440 | AL25: 8090 | AM25: 25062837 | AN25: 0 | AO25: 0 | AP25: 239341758 | AQ25: 75543183 | AR25: 2120576 | AS25: 0 | AT25: 171495 | AU25: 317177012 | AV25: 342239849 | AW25: 342238299 | AX25: 1550 | AY25: 0 | AZ25: 1550 | BA25: 0 | BB25: 0 | BC25: 342239849
A26: G | B26: 도소매 및 상품중개서비스 | C26: 4017209 | D26: 92735 | E26: 13462055 | F26: 6233010 | G26: 3475883 | H26: 2667447 | I26: 16297636 | J26: =I26-L26 -> 16297615 | K26: ='총투입계수(A)'!I26*cases2!$B$6 -> 43.272707 | L26: =K26/SUM($K$7:$K$18,$K$20:$K$22,$K$24:$K$39)*$K$3 -> 21.038307 | M26: 2168116 | N26: 4793951 | O26: 4627359 | P26: 12829244 | Q26: 7574944 | R26: 7673225 | S26: 14473615 | T26: 2501432 | U26: 2360968 | V26: 3590237 | W26: 1036779 | X26: 12332647 | Y26: 17942218 | Z26: 3342006 | AA26: 17133669 | AB26: 8902929 | AC26: 532693 | AD26: 771050 | AE26: 6796534 | AF26: 2561456 | AG26: 2237644 | AH26: 2524334 | AI26: 13549614 | AJ26: 1885064 | AK26: 3582370 | AL26: 43486 | AM26: 204013559 | AN26: 134942015 | AO26: 0 | AP26: 20207842 | AQ26: 1806222 | AR26: 582671 | AS26: 578417 | AT26: 39426548 | AU26: 197543715 | AV26: 401557274 | AW26: 396488672 | AX26: 5068602 | AY26: 0 | AZ26: 5068602 | BA26: 0 | BB26: 0 | BC26: 401557274
A27: H | B27: 운송서비스 | C27: 1919167 | D27: 799284 | E27: 6346706 | F27: 2668966 | G27: 2365196 | H27: 1716791 | I27: 11761475 | J27: =I27-L27 -> 11761460 | K27: ='총투입계수(A)'!I27*cases2!$B$6 -> 31.228508 | L27: =K27/SUM($K$7:$K$18,$K$20:$K$22,$K$24:$K$39)*$K$3 -> 15.182664 | M27: 5779159 | N27: 5382372 | O27: 3816276 | P27: 4240610 | Q27: 2821897 | R27: 4171193 | S27: 3826162 | T27: 1062698 | U27: 1535413 | V27: 700835 | W27: 3021647 | X27: 3493413 | Y27: 30984703 | Z27: 36280065 | AA27: 3439509 | AB27: 1733366 | AC27: 763410 | AD27: 734963 | AE27: 4637907 | AF27: 2409856 | AG27: 2789128 | AH27: 779792 | AI27: 1650316 | AJ27: 456533 | AK27: 1197763 | AL27: 194310 | AM27: 155480881 | AN27: 46349360 | AO27: 0 | AP27: 454497 | AQ27: 177198 | AR27: 90062 | AS27: 9663 | AT27: 51177729 | AU27: 98258509 | AV27: 253739390 | AW27: 221215271 | AX27: 32524119 | AY27: 0 | AZ27: 32524119 | BA27: 0 | BB27: 0 | BC27: 253739390
A28: I | B28: 음식점 및 숙박서비스 | C28: 486496 | D28: 118589 | E28: 714237 | F28: 554536 | G28: 579581 | H28: 281811 | I28: 1877941 | J28: =I28-L28 -> 1877938.6 | K28: ='총투입계수(A)'!I28*cases2!$B$6 -> 4.9862195 | L28: =K28/SUM($K$7:$K$18,$K$20:$K$22,$K$24:$K$39)*$K$3 -> 2.4241982 | M28: 397497 | N28: 909887 | O28: 1188218 | P28: 1271637 | Q28: 654787 | R28: 1409906 | S28: 1251367 | T28: 249705 | U28: 2627810 | V28: 395221 | W28: 706263 | X28: 1124688 | Y28: 16374635 | Z28: 2603168 | AA28: 1489195 | AB28: 3506755 | AC28: 4440413 | AD28: 2669324 | AE28: 13245276 | AF28: 4849979 | AG28: 5957103 | AH28: 4252669 | AI28: 5569033 | AJ28: 2299807 | AK28: 5143416 | AL28: 7472 | AM28: 89208422 | AN28: 143478057 | AO28: 0 | AP28: 0 | AQ28: 0 | AR28: 0 | AS28: 0 | AT28: 10651506 | AU28: 154129563 | AV28: 243337985 | AW28: 223735804 | AX28: 19602181 | AY28: 0 | AZ28: 19602181 | BA28: 0 | BB28: 0 | BC28: 243337985
A29: J | B29: 정보통신 및 방송서비스 | C29: 188130 | D29: 26237 | E29: 380285 | F29: 190878 | G29: 371296 | H29: 552800 | I29: 883077 | J29: =I29-L29 -> 883075.86 | K29: ='총투입계수(A)'!I29*cases2!$B$6 -> 2.344704 | L29: =K29/SUM($K$7:$K$18,$K$20:$K$22,$K$24:$K$39)*$K$3 -> 1.1399473 | M29: 168970 | N29: 631418 | O29: 565439 | P29: 1494611 | Q29: 449424 | R29: 653347 | S29: 799174 | T29: 268440 | U29: 621396 | V29: 203385 | W29: 580315 | X29: 863463 | Y29: 10892513 | Z29: 2462241 | AA29: 2378818 | AB29: 36692460 | AC29: 10613194 | AD29: 1313214 | AE29: 23465329 | AF29: 2729996 | AG29: 4923042 | AH29: 4578307 | AI29: 1581861 | AJ29: 4156063 | AK29: 1552462 | AL29: 39355 | AM29: 117270940 | AN29: 57033560 | AO29: 0 | AP29: 43922864 | AQ29: 791918 | AR29: 37855 | AS29: 0 | AT29: 21485525 | AU29: 123271722 | AV29: 240542662 | AW29: 218302817 | AX29: 22239838 | AY29: 7 | AZ29: 22239845 | BA29: 0 | BB29: 0 | BC29: 240542662
A30: K | B30: 금융 및 보험서비스 | C30: 1170064 | D30: 65479 | E30: 1831397 | F30: 1070524 | G30: 845742 | H30: 1187810 | I30: 4178066 | J30: =I30-L30 -> 4178060.6 | K30: ='총투입계수(A)'!I30*cases2!$B$6 -> 11.093402 | L30: =K30/SUM($K$7:$K$18,$K$20:$K$22,$K$24:$K$39)*$K$3 -> 5.3933857 | M30: 684791 | N30: 1732784 | O30: 1829612 | P30: 2949714 | Q30: 1708449 | R30: 2643984 | S30: 3028415 | T30: 377441 | U30: 688620 | V30: 1513844 | W30: 716668 | X30: 4692734 | Y30: 9394744 | Z30: 2698034 | AA30: 3596568 | AB30: 2479141 | AC30: 42355592 | AD30: 21428865 | AE30: 3519114 | AF30: 1570014 | AG30: 4774938 | AH30: 3079717 | AI30: 4478359 | AJ30: 1171943 | AK30: 1838555 | AL30: 0 | AM30: 135301722 | AN30: 94642976 | AO30: 149222 | AP30: 0 | AQ30: 0 | AR30: 0 | AS30: 0 | AT30: 9183457 | AU30: 103975655 | AV30: 239277377 | AW30: 230943184 | AX30: 8334193 | AY30: 0 | AZ30: 8334193 | BA30: 0 | BB30: 0 | BC30: 239277377
A31: L | B31: 부동산서비스 | C31: 35782 | D31: 6525 | E31: 355125 | F31: 278962 | G31: 194301 | H31: 125920 | I31: 476381 | J31: =I31-L31 -> 476380.39 | K31: ='총투입계수(A)'!I31*cases2!$B$6 -> 1.2648641 | L31: =K31/SUM($K$7:$K$18,$K$20:$K$22,$K$24:$K$39)*$K$3 -> 0.61495114 | M31: 68563 | N31: 208273 | O31: 211950 | P31: 350672 | Q31: 334244 | R31: 210151 | S31: 324469 | T31: 144474 | U31: 448306 | V31: 74004 | W31: 540288 | X31: 533213 | Y31: 19558837 | Z31: 1784815 | AA31: 10709339 | AB31: 2207460 | AC31: 3792337 | AD31: 7890746 | AE31: 9191886 | AF31: 2186463 | AG31: 1163421 | AH31: 3880427 | AI31: 4078970 | AJ31: 633246 | AK31: 1824621 | AL31: 3335 | AM31: 73827506 | AN31: 153308641 | AO31: 0 | AP31: 45947699 | AQ31: 16733 | AR31: 0 | AS31: 0 | AT31: 321254 | AU31: 199594327 | AV31: 273421833 | AW31: 271811087 | AX31: 1610746 | AY31: 0 | AZ31: 1610746 | BA31: 0 | BB31: 0 | BC31: 273421833
A32: M | B32: 전문, 과학 및 기술 서비스 | C32: 1230473 | D32: 257566 | E32: 9618973 | F32: 1881685 | G32: 1682908 | H32: 3511875 | I32: 18948053 | J32: =I32-L32 -> 18948029 | K32: ='총투입계수(A)'!I32*cases2!$B$6 -> 50.309968 | L32: =K32/SUM($K$7:$K$18,$K$20:$K$22,$K$24:$K$39)*$K$3 -> 24.45968 | M32: 2179447 | N32: 7371240 | O32: 4295878 | P32: 11626563 | Q32: 6823690 | R32: 7505694 | S32: 12591254 | T32: 1360367 | U32: 3805291 | V32: 2280424 | W32: 2936927 | X32: 28622476 | Y32: 22823766 | Z32: 7912817 | AA32: 5094884 | AB32: 14986875 | AC32: 6840647 | AD32: 4227609 | AE32: 24810456 | AF32: 6999656 | AG32: 3481462 | AH32: 4600680 | AI32: 1629722 | AJ32: 1508855 | AK32: 2418433 | AL32: 7349 | AM32: 235873995 | AN32: 6460233 | AO32: 0 | AP32: 104012843 | AQ32: 15365704 | AR32: 0 | AS32: 0 | AT32: 31221303 | AU32: 157060083 | AV32: 392934078 | AW32: 355695360 | AX32: 37238718 | AY32: 0 | AZ32: 37238718 | BA32: 0 | BB32: 0 | BC32: 392934078
A33: N | B33: 사업지원서비스 | C33: 232607 | D33: 256192 | E33: 888725 | F33: 524167 | G33: 659457 | H33: 811324 | I33: 1947732 | J33: =I33-L33 -> 1947729.5 | K33: ='총투입계수(A)'!I33*cases2!$B$6 -> 5.1715253 | L33: =K33/SUM($K$7:$K$18,$K$20:$K$22,$K$24:$K$39)*$K$3 -> 2.5142901 | M33: 341697 | N33: 2356312 | O33: 1409721 | P33: 2786694 | Q33: 1013169 | R33: 895704 | S33: 4645446 | T33: 216223 | U33: 4217670 | V33: 1358339 | W33: 1595665 | X33: 9747820 | Y33: 13062215 | Z33: 12267348 | AA33: 1916900 | AB33: 9694849 | AC33: 9964464 | AD33: 12003595 | AE33: 17187438 | AF33: 12801755 | AG33: 5960451 | AH33: 3886241 | AI33: 3157354 | AJ33: 3473401 | AK33: 928798 | AL33: 5248 | AM33: 142214721 | AN33: 8531599 | AO33: 0 | AP33: 0 | AQ33: 0 | AR33: 0 | AS33: 0 | AT33: 15690205 | AU33: 24221804 | AV33: 166436525 | AW33: 144310956 | AX33: 22125569 | AY33: 0 | AZ33: 22125569 | BA33: 0 | BB33: 0 | BC33: 166436525
A34: O | B34: 공공행정, 국방 및 사회보장 | C34: 109126 | D34: 0 | E34: 0 | F34: 0 | G34: 0 | H34: 0 | I34: 0 | J34: =I34-L34 -> 0 | K34: ='총투입계수(A)'!I34*cases2!$B$6 -> 0 | L34: =K34/SUM($K$7:$K$18,$K$20:$K$22,$K$24:$K$39)*$K$3 -> 0 | M34: 0 | N34: 0 | O34: 0 | P34: 0 | Q34: 0 | R34: 0 | S34: 0 | T34: 0 | U34: 0 | V34: 0 | W34: 0 | X34: 0 | Y34: 0 | Z34: 658474 | AA34: 0 | AB34: 0 | AC34: 0 | AD34: 0 | AE34: 0 | AF34: 0 | AG34: 0 | AH34: 0 | AI34: 0 | AJ34: 0 | AK34: 0 | AL34: 4326091 | AM34: 5093691 | AN34: 4098405 | AO34: 193826946 | AP34: 0 | AQ34: 0 | AR34: 0 | AS34: 0 | AT34: 34003 | AU34: 197959354 | AV34: 203053045 | AW34: 202555649 | AX34: 497396 | AY34: 0 | AZ34: 497396 | BA34: 0 | BB34: 0 | BC34: 203053045
A35: P | B35: 교육서비스 | C35: 3254 | D35: 1120 | E35: 41844 | F35: 10830 | G35: 22754 | H35: 31935 | I35: 135396 | J35: =I35-L35 -> 135395.83 | K35: ='총투입계수(A)'!I35*cases2!$B$6 -> 0.35949701 | L35: =K35/SUM($K$7:$K$18,$K$20:$K$22,$K$24:$K$39)*$K$3 -> 0.17478011 | M35: 20017 | N35: 81546 | O35: 107012 | P35: 83896 | Q35: 77682 | R35: 102937 | S35: 65511 | T35: 4493 | U35: 252388 | V35: 25845 | W35: 25311 | X35: 73874 | Y35: 864077 | Z35: 69496 | AA35: 93517 | AB35: 149972 | AC35: 339905 | AD35: 184460 | AE35: 421279 | AF35: 83397 | AG35: 15198 | AH35: 76153 | AI35: 24040 | AJ35: 21001 | AK35: 93883 | AL35: 676 | AM35: 3604699 | AN35: 63476835 | AO35: 89090202 | AP35: 0 | AQ35: 0 | AR35: 0 | AS35: 0 | AT35: 319935 | AU35: 152886972 | AV35: 156491671 | AW35: 154338997 | AX35: 2152674 | AY35: 0 | AZ35: 2152674 | BA35: 0 | BB35: 0 | BC35: 156491671
... A39: T | B39: 기타 | C39: 269414 | D39: 15963 | E39: 83286 | F39: 18483 | G39: 75392 | H39: 137738 | I39: 792652 | J39: =I39-L39 -> 792650.98 | K39: ='총투입계수(A)'!I39*cases2!$B$6 -> 2.1046118 | L39: =K39/SUM($K$7:$K$18,$K$20:$K$22,$K$24:$K$39)*$K$3 -> 1.0232193 | M39: 23147 | N39: 42575 | O39: 131618 | P39: 63701 | Q39: 54728 | R39: 91336 | S39: 23958 | T39: 18948 | U39: 433554 | V39: 142445 | W39: 40948 | X39: 32265 | Y39: 492128 | Z39: 55217 | AA39: 250478 | AB39: 428335 | AC39: 58639 | AD39: 537173 | AE39: 239556 | AF39: 179839 | AG39: 45902 | AH39: 36693 | AI39: 373801 | AJ39: 101652 | AK39: 54194 | AL39: 109679 | AM39: 5455437 | AN39: -435478 | AO39: 0 | AP39: 0 | AQ39: 0 | AR39: 0 | AS39: 0 | AT39: 0 | AU39: -435478 | AV39: 5019959 | AW39: 5019959 | AX39: 0 | AY39: 0 | AZ39: 0 | BA39: 0 | BB39: 0 | BC39: 5019959
A40: 9590 | B40: 중간투입계 | C40: 39166528 | D40: 3169491 | E40: 139457033 | F40: 57298913 | G40: 39700938 | H40: 143573392 | I40: 285565811 | J40: =SUM(J7:J39) -> 2.8556516e+08 | K40: =SUM(K7:K39) -> 1019.8986 | L40: =SUM(L7:L39) -> 650 | M40: 37404675 | N40: 154477519 | O40: 92011168 | P40: 221737214 | Q40: 135088695 | R40: 138660261 | S40: 269883451 | T40: 21105797 | U40: 51124252 | V40: 120649253 | W40: 23032194 | X40: 199251516 | Y40: 184102011 | Z40: 125178243 | AA40: 150662761 | AB40: 104063290 | AC40: 86678547 | AD40: 81055631 | AE40: 170997641 | AF40: 56091961 | AG40: 52243921 | AH40: 51016928 | AI40: 90583511 | AJ40: 28521048 | AK40: 44847605 | AL40: 5019959 | AM40: 3403421158 | AN40: 1203106723 | AO40: 428148599 | AP40: 642719412 | AQ40: 114740934 | AR40: 8456630 | AS40: 2242835 | AT40: 999815735 | AU40: 3399230868 | AV40: 6802652026 | AW40: 5786694739 | AX40: 990543488 | AY40: 25413799 | AZ40: 1015957287 | BA40: 0 | BB40: 0 | BC40: 6802652026
A41: 9610 | B41: 피용자보수 | C41: 7311007 | D41: 763130 | E41: 15128140 | F41: 6942083 | G41: 7714470 | H41: 1849380 | I41: 33024939 | J41: =I41-L41 -> 33024739 | K41: 200 | L41: 200 | M41: 5591739 | N41: 12874780 | O41: 22094377 | P41: 38330264 | Q41: 18684449 | R41: 28417504 | S41: 24629085 | T41: 4430442 | U41: 30392667 | V41: 7229124 | W41: 9301644 | X41: 108270135 | Y41: 105848898 | Z41: 45972783 | AA41: 37217436 | AB41: 48448668 | AC41: 52077047 | AD41: 23572589 | AE41: 119508944 | AF41: 53019085 | AG41: 89879718 | AH41: 84723533 | AI41: 91542475 | AJ41: 14325783 | AK41: 21260262 | AL41: 0 | AM41: 1170376580
A42: 9621 | B42: 영업잉여 | C42: 20790625 | D42: 907945 | E42: 6246706 | F42: 1230526 | G42: 5894202 | H42: 10160438 | I42: 26725452 | J42: =I42-L42 -> 26725352 | K42: 100 | L42: 100 | M42: 2061144 | N42: 12662963 | O42: 15468441 | P42: -2691522 | Q42: 509104 | R42: 5170759 | S42: 8332412 | T42: 1502834 | U42: 4585557 | V42: -117531 | W42: 4067693 | X42: 6664903 | Y42: 71028220 | Z42: 16697450 | AA42: 17852378 | AB42: 24101295 | AC42: 68918948 | AD42: 64506524 | AE42: 32838525 | AF42: 24595921 | AG42: 0 | AH42: 5753379 | AI42: 22888082 | AJ42: 8967271 | AK42: 7606932 | AL42: 0 | AM42: 495927576
A43: 9622 | B43: 고정자본소모 | C43: 6826925 | D43: 492826 | E43: 7184340 | F43: 2607552 | G43: 1594645 | H43: 3179003 | I43: 26775718 | J43: =I43-L43 -> 26775668 | K43: 50 | L43: 50 | M43: 4858806 | N43: 10685788 | O43: 5299685 | P43: 59980214 | Q43: 16524948 | R43: 11389415 | S43: 27105345 | T43: 906543 | U43: 10150938 | V43: 20286757 | W43: 5288608 | X43: 6766250 | Y43: 18105570 | Z43: 36332814 | AA43: 5371797 | AB43: 35261097 | AC43: 12984833 | AD43: 69279349 | AE43: 28647148 | AF43: 7189528 | AG43: 60428502 | AH43: 12635621 | AI43: 13918268 | AJ43: 6439170 | AK43: 4683288 | AL43: 0 | AM43: 539181291
A44: 9630 | B44: 생산세(보조금공제) | C44: -27016 | D44: -6795 | E44: 14378726 | F44: 2081072 | G44: 1110431 | H44: 17800753 | I44: 4534298 | J44: =I44-L44 -> 4534298 | K44: 0 | L44: 0 | M44: 911160 | N44: 1198062 | O44: 1425139 | P44: 2455564 | Q44: 1946311 | R44: 1845434 | S44: 7185378 | T44: 997653 | U44: 548886 | V44: 3631197 | W44: 108881 | X44: 21285495 | Y44: 17403973 | Z44: -2966019 | AA44: 12631432 | AB44: 6428467 | AC44: 10283809 | AD44: 33396994 | AE44: 3703102 | AF44: 3414461 | AG44: 3508 | AH44: 209536 | AI44: 218867 | AJ44: 6447347 | AK44: 3202028 | AL44: 0 | AM44: 177788134
A45: 9690 | B45: 부가가치계 | C45: 34901541 | D45: 2157106 | E45: 42937912 | F45: 12861233 | G45: 16313748 | H45: 32989574 | I45: 91060407 | J45: =SUM(J41:J44) -> 91060057 | K45: =SUM(K41:K44) -> 350 | L45: =SUM(L41:L44) -> 350 | M45: 13422849 | N45: 37421593 | O45: 44287642 | P45: 98074520 | Q45: 37664812 | R45: 46823112 | S45: 67252220 | T45: 7837472 | U45: 45678048 | V45: 31029547 | W45: 18766826 | X45: 142986783 | Y45: 212386661 | Z45: 96037028 | AA45: 73073043 | AB45: 114239527 | AC45: 144264637 | AD45: 190755456 | AE45: 184697719 | AF45: 88218995 | AG45: 150311728 | AH45: 103322069 | AI45: 128567692 | AJ45: 36179571 | AK45: 36752510 | AL45: 0 | AM45: 2383273581
A46: 9790 | B46: 총투입계 | C46: 74068069 | D46: 5326597 | E46: 182394945 | F46: 70160146 | G46: 56014686 | H46: 176562966 | I46: 376626218 | J46: =I46-L46 -> 376625218 | K46: =K40+K45 -> 1369.8986 | L46: =L40+L45 -> 1000 | M46: 50827524 | N46: 191899112 | O46: 136298810 | P46: 319811734 | Q46: 172753507 | R46: 185483373 | S46: 337135671 | T46: 28943269 | U46: 96802300 | V46: 151678800 | W46: 41799020 | X46: 342238299 | Y46: 396488672 | Z46: 221215271 | AA46: 223735804 | AB46: 218302817 | AC46: 230943184 | AD46: 271811087 | AE46: 355695360 | AF46: 144310956 | AG46: 202555649 | AH46: 154338997 | AI46: 219151203 | AJ46: 64700619 | AK46: 81600115 | AL46: 5019959 | AM46: 5786694739
A47: GHG | B47: 탄소배출량(tco2eq.) | C47: 26208380 | D47: 2042881.6 | E47: 2065050 | F47: 4524770 | G47: 2843750 | H47: 36281630 | I47: 84687500 | M47: 35157346 | N47: 1.0253767e+08 | O47: 368275.38 | P47: 3829180 | Q47: 123929.89 | R47: 6926970 | S47: 2362190 | T47: 3595100.8 | U47: 1648578 | V47: 2.2933202e+08 | W47: 18172000 | X47: 1813020 | Y47: 1433144.7 | Z47: 1.0115978e+08 | AA47: 2253065 | AB47: 101446.17 | AC47: 132046.07 | AD47: 236199.08 | AE47: 1892727 | AF47: 157565.49 | AG47: 6015859.9 | AH47: 2189527.8 | AI47: 1803187.2 | AJ47: 373361.74 | AK47: 422069.89 | AL47: 0 | AM47: =SUM(C47:AL47) -> 6.8269022e+08
A51: 상품 상품 | C51: A | D51: B | E51: C01 | F51: C02 | G51: C03 | H51: C04 | I51: C05 | K51: C06 | L51: C07 | M51: C08 | N51: C09 | O51: C10 | P51: C11 | Q51: C12 | R51: C13 | S51: C14 | T51: D | U51: E | V51: F | W51: G | X51: H | Y51: I | Z51: J | AA51: K | AB51: L | AC51: M | AD51: N | AE51: O | AF51: P | AG51: Q | AH51: R | AI51: S | AJ51: T | AK51: 9090 | AL51: 9111 | AM51: 9112 | AN51: 9121 | AO51: 9122 | AP51: 9131 | AQ51: 9132 | AR51: 9140 | AS51: 9190 | AT51: 9290 | AU51: 9310 | AV51: 9321 | AW51: 9322 | AX51: 9329 | AY51: 9331 | AZ51: 9332 | BA51: 9390
C52: 농림수산품 | D52: 광산품 | E52: 음식료품 | F52: 섬유 및 가죽제품 | G52: 목재 및 종이, 인쇄 | H52: 석탄 및 석유제품 | I52: 화학제품 | J52: 분석업체 | K52: 비금속광물제품 | L52: 1차 금속제품 | M52: 금속가공제품 | N52: 컴퓨터, 전자 및 광학기기 | O52: 전기장비 | P52: 기계 및 장비 | Q52: 운송장비 | R52: 기타 제조업제품 | S52: 제조임가공 및 산업용 장비 수리 | T52: 전력, 가스 및 증기 | U52: 수도, 폐기물처리 및 재활용서비스 | V52: 건설 | W52: 도소매 및 상품중개서비스 | X52: 운송서비스 | Y52: 음식점 및 숙박서비스 | Z52: 정보통신 및 방송서비스 | AA52: 금융 및 보험서비스 | AB52: 부동산서비스 | AC52: 전문, 과학 및 기술 서비스 | AD52: 사업지원서비스 | AE52: 공공행정, 국방 및 사회보장 | AF52: 교육서비스 | AG52: 보건 및 사회복지서비스 | AH52: 예술, 스포츠 및 여가 관련 서비스 | AI52: 기타 서비스 | AJ52: 기타 | AK52: 중간수요계 | AL52: 민간소비지출 (가계 및 가계봉사 비영리단체) | AM52: 정부소비지출 | AN52: 민간고정 자본형성 | AO52: 정부고정 자본형성 | AP52: 재고증감 | AQ52: 귀중품 순취득 | AR52: 수출 | AS52: 최종수요계 | AT52: 총수요계 | AU52: 총산출 | AV52: 수입 | AW52: 생산물세(수입) | AX52: 수입계 | AY52: 도소매마진 | AZ52: 화물운임 | BA52: 총공급계
A53: A | B53: 농림수산품 | C53: 4256311 | D53: 3473 | E53: 44787107 | F53: 264444 | G53: 661849 | H53: 4203 | I53: =J7 -> 1326557.3 | J53: =L7 -> 1.7124297 | K53: 3614 | L53: 6461 | M53: 7383 | N53: 7338 | O53: 2082 | P53: 6967 | Q53: 2432 | R53: 14838 | S53: 542287 | T53: 3751 | U53: 12739 | V53: 403188 | W53: 103863 | X53: 13100 | Y53: 13418941 | Z53: 14422 | AA53: 11833 | AB53: 7087 | AC53: 72958 | AD53: 20574 | AE53: 333297 | AF53: 716622 | AG53: 904970 | AH53: 72052 | AI53: 72609 | AJ53: 3405 | AK53: 68082759 | AL53: 20977330 | AM53: 0 | AN53: 1005548 | AO53: 708 | AP53: -196797 | AQ53: 0 | AR53: 1148216 | AS53: 22935005 | AT53: 91017764 | AU53: 74068069 | AV53: 16390900 | AW53: 558795 | AX53: 16949695 | AY53: 0 | AZ53: 0 | BA53: 91017764
A54: B | B54: 광산품 | C54: 2055 | D54: 2999 | E54: 48702 | F54: 3592 | G54: 35023 | H54: 108067377 | I54: =J8 -> 8679195.8 | J54: =L8 -> 11.203823 | K54: 5208178 | L54: 33232955 | M54: 40482 | N54: 37583 | O54: 8789 | P54: 16354 | Q54: 5802 | R54: 3785 | S54: 76904 | T54: 68593275 | U54: 53587 | V54: 278992 | W54: 0 | X54: 0 | Y54: 15310 | Z54: 0 | AA54: 0 | AB54: 141 | AC54: 17244 | AD54: 13414 | AE54: 16766 | AF54: 1073 | AG54: 16722 | AH54: 2420 | AI54: 2421 | AJ54: 34 | AK54: 224481186 | AL54: 20312 | AM54: 0 | AN54: 0 | AO54: 0 | AP54: -1208060 | AQ54: 0 | AR54: 164539 | AS54: -1023209 | AT54: 223457977 | AU54: 5326597 | AV54: 213114501 | AW54: 5016879 | AX54: 218131380 | AY54: 0 | AZ54: 0 | BA54: 223457977
A55: C01 | B55: 음식료품 | C55: 13490896 | D55: 16188 | E55: 37267582 | F55: 1267831 | G55: 87762 | H55: 29747 | I55: =J9 -> 1948951.5 | J55: =L9 -> 2.5158675 | K55: 32354 | L55: 78230 | M55: 106035 | N55: 28458 | O55: 23722 | P55: 80841 | Q55: -15144 | R55: 10976 | S55: 642150 | T55: 1667262 | U55: 75594 | V55: 29879 | W55: 2137267 | X55: 237559 | Y55: 62634265 | Z55: 321736 | AA55: 166231 | AB55: 20690 | AC55: 1680284 | AD55: 730059 | AE55: 1178818 | AF55: 3190985 | AG55: 3326884 | AH55: 2766615 | AI55: 1099495 | AJ55: 54767 | AK55: 136414972 | AL55: 79996863 | AM55: 0 | AN55: 0 | AO55: 0 | AP55: -312055 | AQ55: 0 | AR55: 13216832 | AS55: 92901640 | AT55: 229316612 | AU55: 182394945 | AV55: 42877588 | AW55: 4044079 | AX55: 46921667 | AY55: 0 | AZ55: 0 | BA55: 229316612
A56: C02 | B56: 섬유 및 가죽제품 | C56: 690669 | D56: 18761 | E56: 152583 | F56: 21941986 | G56: 610886 | H56: 100196 | I56: =J10 -> 1674117.8 | J56: =L10 -> 2.1610896 | K56: 167311 | L56: 181532 | M56: 398657 | N56: 396591 | O56: 175855 | P56: 148702 | Q56: 1234584 | R56: 1704538 | S56: 2681541 | T56: 46471 | U56: 260471 | V56: 183767 | W56: 1793848 | X56: 1945331 | Y56: 1580633 | Z56: 250655 | AA56: 107312 | AB56: 175614 | AC56: 554339 | AD56: 1178436 | AE56: 689348 | AF56: 212655 | AG56: 919104 | AH56: 556457 | AI56: 863694 | AJ56: 17447 | AK56: 43614094 | AL56: 44692848 | AM56: 0 | AN56: 99316 | AO56: 49995 | AP56: 238347 | AQ56: 0 | AR56: 20177963 | AS56: 65258469 | AT56: 108872563 | AU56: 70160146 | AV56: 35870234 | AW56: 2842183 | AX56: 38712417 | AY56: 0 | AZ56: 0 | BA56: 108872563
A57: C03 | B57: 목재 및 종이, 인쇄 | C57: 866017 | D57: 11121 | E57: 3715108 | F57: 415547 | G57: 17244503 | H57: 134210 | I57: =J11 -> 1997372.4 | J57: =L11 -> 2.5783733 | K57: 426375 | L57: 243459 | M57: 1061021 | N57: 295987 | O57: 571350 | P57: 353312 | Q57: 120280 | R57: 1901882 | S57: 408384 | T57: 792752 | U57: -6870 | V57: 6049727 | W57: 4278205 | X57: 1476571 | Y57: 2137353 | Z57: 2006707 | AA57: 1592341 | AB57: 227894 | AC57: 5069685 | AD57: 631911 | AE57: 913133 | AF57: 960333 | AG57: 1291250 | AH57: 308585 | AI57: 831503 | AJ57: 9881 | AK57: 58336892 | AL57: 1990283 | AM57: 0 | AN57: 0 | AO57: 0 | AP57: 247498 | AQ57: 0 | AR57: 4630328 | AS57: 6868109 | AT57: 65205001 | AU57: 56014686 | AV57: 8967588 | AW57: 222727 | AX57: 9190315 | AY57: 0 | AZ57: 0 | BA57: 65205001
A58: C04 | B58: 석탄 및 석유제품 | C58: 1553720 | D58: 127562 | E58: 368746 | F58: 182073 | G58: 306192 | H58: 8485744 | I58: =J12 -> 43895190 | J58: =L12 -> 56.663537 | K58: 2409467 | L58: 721361 | M58: 527953 | N58: 108255 | O58: 512348 | P58: 337756 | Q58: 472866 | R58: 45874 | S58: 1013019 | T58: 4111860 | U58: 690962 | V58: 4687554 | W58: 9503880 | X58: 24628899 | Y58: 3477744 | Z58: 404311 | AA58: 146259 | AB58: 918026 | AC58: 4380042 | AD58: 918546 | AE58: 3355174 | AF58: 2599025 | AG58: 1564184 | AH58: 353775 | AI58: 1093548 | AJ58: 22523 | AK58: 123924495 | AL58: 20010215 | AM58: 0 | AN58: 0 | AO58: 0 | AP58: 685143 | AQ58: 0 | AR58: 77066088 | AS58: 97761446 | AT58: 221685941 | AU58: 176562966 | AV58: 44170694 | AW58: 952281 | AX58: 45122975 | AY58: 0 | AZ58: 0 | BA58: 221685941
A59: C05 | B59: 화학제품 | C59: 5335756 | D59: 219298 | E59: 4720446 | F59: 6819729 | G59: 3803170 | H59: 3537795 | I59: =J13 -> 1.2936267e+08 | J59: =L13 -> 166.99202 | K59: 2543485 | L59: 3102895 | M59: 9009090 | N59: 20188581 | O59: 17404850 | P59: 5570490 | Q59: 21793941 | R59: 2998181 | S59: 1983061 | T59: 2417171 | U59: 2164833 | V59: 12222208 | W59: 5288979 | X59: 1560674 | Y59: 4858345 | Z59: 812354 | AA59: 121602 | AB59: 277568 | AC59: 10278206 | AD59: 3992188 | AE59: 1614775 | AF59: 1270286 | AG59: 32946431 | AH59: 758170 | AI59: 3728706 | AJ59: 31956 | AK59: 322738057 | AL59: 16391860 | AM59: 0 | AN59: 0 | AO59: 0 | AP59: 2035871 | AQ59: 0 | AR59: 141937188 | AS59: 160364919 | AT59: 483102976 | AU59: 376626218 | AV59: 104125789 | AW59: 2350969 | AX59: 106476758 | AY59: 0 | AZ59: 0 | BA59: 483102976
A60: C06 | B60: 비금속광물제품 | C60: 36617 | D60: 8918 | E60: 905256 | F60: 41584 | G60: 59557 | H60: 153911 | I60: =J14 -> 1621302.9 | J60: =L14 -> 2.0929117 | K60: 7622593 | L60: 3265699 | M60: 612991 | N60: 1987167 | O60: 1806637 | P60: 511290 | Q60: 2300485 | R60: 257029 | S60: 203556 | T60: -152005 | U60: 187593 | V60: 29763706 | W60: 119481 | X60: 76745 | Y60: 742147 | Z60: 13661 | AA60: 3896 | AB60: 84202 | AC60: 340999 | AD60: 226159 | AE60: 331107 | AF60: 142765 | AG60: 71373 | AH60: 141732 | AI60: 56146 | AJ60: 4568 | AK60: 53548870 | AL60: 181273 | AM60: 0 | AN60: 0 | AO60: 0 | AP60: 187387 | AQ60: 0 | AR60: 4781328 | AS60: 5149988 | AT60: 58698858 | AU60: 50827524 | AV60: 7600425 | AW60: 270909 | AX60: 7871334 | AY60: 0 | AZ60: 0 | BA60: 58698858
A61: C07 | B61: 1차 금속제품 | C61: 91111 | D61: 8196 | E61: 26239 | F61: 2697 | G61: 45720 | H61: 562107 | I61: =J15 -> 3388707.6 | J61: =L15 -> 4.3744237 | K61: 903550 | L61: 62564642 | M61: 26175296 | N61: 6708120 | O61: 18310513 | P61: 13493061 | Q61: 26369922 | R61: 1765850 | S61: 1069388 | T61: 413958 | U61: 170727 | V61: 25701309 | W61: -713 | X61: 132195 | Y61: 27276 | Z61: -21236 | AA61: -69 | AB61: -534 | AC61: 435186 | AD61: 1189 | AE61: 3109 | AF61: -19677 | AG61: 366089 | AH61: -4842 | AI61: -29801 | AJ61: 9136 | AK61: 188668426 | AL61: -731720 | AM61: 0 | AN61: -3134918 | AO61: -83309 | AP61: 118320 | AQ61: 163833 | AR61: 59288136 | AS61: 55620342 | AT61: 244288768 | AU61: 191899112 | AV61: 52115731 | AW61: 273925 | AX61: 52389656 | AY61: 0 | AZ61: 0 | BA61: 244288768
A62: C08 | B62: 금속가공제품 | C62: 77940 | D62: 117861 | E62: 2371080 | F62: 248175 | G62: 609407 | H62: 2900135 | I62: =J16 -> 2673617.5 | J62: =L16 -> 3.4513263 | K62: 667203 | L62: 1573739 | M62: 20929812 | N62: 2705363 | O62: 5224767 | P62: 19768968 | Q62: 18833190 | R62: 1490999 | S62: 1288202 | T62: 869133 | U62: 548021 | V62: 25476298 | W62: 1147254 | X62: 1077767 | Y62: 1741987 | Z62: 251710 | AA62: 141513 | AB62: 200822 | AC62: 1247365 | AD62: 1101443 | AE62: 1742143 | AF62: 474147 | AG62: 355816 | AH62: 255624 | AI62: 953188 | AJ62: 15794 | AK62: 119080487 | AL62: 1887217 | AM62: 0 | AN62: 6527800 | AO62: 2370938 | AP62: 174696 | AQ62: 0 | AR62: 17376557 | AS62: 28337208 | AT62: 147417695 | AU62: 136298810 | AV62: 10772512 | AW62: 346373 | AX62: 11118885 | AY62: 0 | AZ62: 0 | BA62: 147417695
A63: C09 | B63: 컴퓨터, 전자 및 광학기기 | C63: 181673 | D63: 13321 | E63: 179518 | F63: 41611 | G63: 229681 | H63: 822010 | I63: =J17 -> 730148.06 | J63: =L17 -> 0.94253541 | K63: 94215 | L63: 473834 | M63: 1129751 | N63: 111091806 | O63: 14357957 | P63: 8884238 | Q63: 11446256 | R63: 150345 | S63: 2381775 | T63: 1173725 | U63: 449580 | V63: 1185699 | W63: 3095517 | X63: 872734 | Y63: 1525087 | Z63: 10007238 | AA63: 604376 | AB63: 631498 | AC63: 13688295 | AD63: 1617811 | AE63: 1101557 | AF63: 1963339 | AG63: 4361931 | AH63: 523425 | AI63: 2615814 | AJ63: 51754 | AK63: 197677520 | AL63: 25091325 | AM63: 0 | AN63: 30155221 | AO63: 4162495 | AP63: 486519 | AQ63: 0 | AR63: 191050500 | AS63: 250946060 | AT63: 448623580 | AU63: 319811734 | AV63: 126034694 | AW63: 2777152 | AX63: 128811846 | AY63: 0 | AZ63: 0 | BA63: 448623580
A64: C10 | B64: 전기장비 | C64: 127130 | D64: 94350 | E64: 134004 | F64: 66778 | G64: 206216 | H64: 469945 | I64: =J18 -> 534498.31 | J64: =L18 -> 0.68997456 | K64: 332306 | L64: 548446 | M64: 1395586 | N64: 8141816 | O64: 43904389 | P64: 8454471 | Q64: 25867522 | R64: 311865 | S64: 2037205 | T64: 2146060 | U64: 972943 | V64: 15485158 | W64: 1888909 | X64: 3253534 | Y64: 2548408 | Z64: 3173256 | AA64: 368769 | AB64: 850238 | AC64: 8335414 | AD64: 2483438 | AE64: 982153 | AF64: 785992 | AG64: 597813 | AH64: 457683 | AI64: 3195593 | AJ64: 11785 | AK64: 140163674 | AL64: 11254160 | AM64: 0 | AN64: 15865555 | AO64: 302355 | AP64: -360625 | AQ64: 0 | AR64: 46805116 | AS64: 73866561 | AT64: 214030235 | AU64: 172753507 | AV64: 40326770 | AW64: 949958 | AX64: 41276728 | AY64: 0 | AZ64: 0 | BA64: 214030235
... A86: 9590 | B86: 중간투입계 | C86: 39166528 | D86: 3169491 | E86: 139457033 | F86: 57298913 | G86: 39700938 | H86: 143573392 | I86: =J40 -> 2.8556516e+08 | J86: =L40 -> 650 | K86: 37404675 | L86: 154477519 | M86: 92011168 | N86: 221737214 | O86: 135088695 | P86: 138660261 | Q86: 269883451 | R86: 21105797 | S86: 51124252 | T86: 120649253 | U86: 23032194 | V86: 199251516 | W86: 184102011 | X86: 125178243 | Y86: 150662761 | Z86: 104063290 | AA86: 86678547 | AB86: 81055631 | AC86: 170997641 | AD86: 56091961 | AE86: 52243921 | AF86: 51016928 | AG86: 90583511 | AH86: 28521048 | AI86: 44847605 | AJ86: 5019959 | AK86: 3403421158 | AL86: 1203106723 | AM86: 428148599 | AN86: 642719412 | AO86: 114740934 | AP86: 8456630 | AQ86: 2242835 | AR86: 999815735 | AS86: 3399230868 | AT86: 6802652026 | AU86: 5786694739 | AV86: 990543488 | AW86: 25413799 | AX86: 1015957287 | AY86: 0 | AZ86: 0 | BA86: 6802652026
A87: 9610 | B87: 피용자보수 | C87: 7311007 | D87: 763130 | E87: 15128140 | F87: 6942083 | G87: 7714470 | H87: 1849380 | I87: =J41 -> 33024739 | J87: =L41 -> 200 | K87: 5591739 | L87: 12874780 | M87: 22094377 | N87: 38330264 | O87: 18684449 | P87: 28417504 | Q87: 24629085 | R87: 4430442 | S87: 30392667 | T87: 7229124 | U87: 9301644 | V87: 108270135 | W87: 105848898 | X87: 45972783 | Y87: 37217436 | Z87: 48448668 | AA87: 52077047 | AB87: 23572589 | AC87: 119508944 | AD87: 53019085 | AE87: 89879718 | AF87: 84723533 | AG87: 91542475 | AH87: 14325783 | AI87: 21260262 | AJ87: 0 | AK87: 1170376580
A88: 9621 | B88: 영업잉여 | C88: 20790625 | D88: 907945 | E88: 6246706 | F88: 1230526 | G88: 5894202 | H88: 10160438 | I88: =J42 -> 26725352 | J88: =L42 -> 100 | K88: 2061144 | L88: 12662963 | M88: 15468441 | N88: -2691522 | O88: 509104 | P88: 5170759 | Q88: 8332412 | R88: 1502834 | S88: 4585557 | T88: -117531 | U88: 4067693 | V88: 6664903 | W88: 71028220 | X88: 16697450 | Y88: 17852378 | Z88: 24101295 | AA88: 68918948 | AB88: 64506524 | AC88: 32838525 | AD88: 24595921 | AE88: 0 | AF88: 5753379 | AG88: 22888082 | AH88: 8967271 | AI88: 7606932 | AJ88: 0 | AK88: 495927576
A89: 9622 | B89: 고정자본소모 | C89: 6826925 | D89: 492826 | E89: 7184340 | F89: 2607552 | G89: 1594645 | H89: 3179003 | I89: =J43 -> 26775668 | J89: =L43 -> 50 | K89: 4858806 | L89: 10685788 | M89: 5299685 | N89: 59980214 | O89: 16524948 | P89: 11389415 | Q89: 27105345 | R89: 906543 | S89: 10150938 | T89: 20286757 | U89: 5288608 | V89: 6766250 | W89: 18105570 | X89: 36332814 | Y89: 5371797 | Z89: 35261097 | AA89: 12984833 | AB89: 69279349 | AC89: 28647148 | AD89: 7189528 | AE89: 60428502 | AF89: 12635621 | AG89: 13918268 | AH89: 6439170 | AI89: 4683288 | AJ89: 0 | AK89: 539181291
A90: 9630 | B90: 생산세(보조금공제) | C90: -27016 | D90: -6795 | E90: 14378726 | F90: 2081072 | G90: 1110431 | H90: 17800753 | I90: =J44 -> 4534298 | J90: =L44 -> 0 | K90: 911160 | L90: 1198062 | M90: 1425139 | N90: 2455564 | O90: 1946311 | P90: 1845434 | Q90: 7185378 | R90: 997653 | S90: 548886 | T90: 3631197 | U90: 108881 | V90: 21285495 | W90: 17403973 | X90: -2966019 | Y90: 12631432 | Z90: 6428467 | AA90: 10283809 | AB90: 33396994 | AC90: 3703102 | AD90: 3414461 | AE90: 3508 | AF90: 209536 | AG90: 218867 | AH90: 6447347 | AI90: 3202028 | AJ90: 0 | AK90: 177788134
A91: 9690 | B91: 부가가치계 | C91: 34901541 | D91: 2157106 | E91: 42937912 | F91: 12861233 | G91: 16313748 | H91: 32989574 | I91: =J45 -> 91060057 | J91: =L45 -> 350 | K91: 13422849 | L91: 37421593 | M91: 44287642 | N91: 98074520 | O91: 37664812 | P91: 46823112 | Q91: 67252220 | R91: 7837472 | S91: 45678048 | T91: 31029547 | U91: 18766826 | V91: 142986783 | W91: 212386661 | X91: 96037028 | Y91: 73073043 | Z91: 114239527 | AA91: 144264637 | AB91: 190755456 | AC91: 184697719 | AD91: 88218995 | AE91: 150311728 | AF91: 103322069 | AG91: 128567692 | AH91: 36179571 | AI91: 36752510 | AJ91: 0 | AK91: 2383273581
A92: 9790 | B92: 총투입계 | C92: 74068069 | D92: 5326597 | E92: 182394945 | F92: 70160146 | G92: 56014686 | H92: 176562966 | I92: =J46 -> 376625218 | J92: =L46 -> 1000 | K92: 50827524 | L92: 191899112 | M92: 136298810 | N92: 319811734 | O92: 172753507 | P92: 185483373 | Q92: 337135671 | R92: 28943269 | S92: 96802300 | T92: 151678800 | U92: 41799020 | V92: 342238299 | W92: 396488672 | X92: 221215271 | Y92: 223735804 | Z92: 218302817 | AA92: 230943184 | AB92: 271811087 | AC92: 355695360 | AD92: 144310956 | AE92: 202555649 | AF92: 154338997 | AG92: 219151203 | AH92: 64700619 | AI92: 81600115 | AJ92: 5019959 | AK92: 5786694739
B95: 배분
A96: 상품 상품 | C96: A | D96: B | E96: C01 | F96: C02 | G96: C03 | H96: C04 | I96: C05 | K96: C06 | L96: C07 | M96: C08 | N96: C09 | O96: C10 | P96: C11 | Q96: C12 | R96: C13 | S96: C14 | T96: D | U96: E | V96: F | W96: G | X96: H | Y96: I | Z96: J | AA96: K | AB96: L | AC96: M | AD96: N | AE96: O | AF96: P | AG96: Q | AH96: R | AI96: S | AJ96: T | AK96: 9090 | AL96: 9111 | AM96: 9112 | AN96: 9121 | AO96: 9122 | AP96: 9131 | AQ96: 9132 | AR96: 9140 | AS96: 9190 | AT96: 9290
C97: 농림수산품 | D97: 광산품 | E97: 음식료품 | F97: 섬유 및 가죽제품 | G97: 목재 및 종이, 인쇄 | H97: 석탄 및 석유제품 | I97: 화학제품 | J97: 분석업체 | K97: 비금속광물제품 | L97: 1차 금속제품 | M97: 금속가공제품 | N97: 컴퓨터, 전자 및 광학기기 | O97: 전기장비 | P97: 기계 및 장비 | Q97: 운송장비 | R97: 기타 제조업제품 | S97: 제조임가공 및 산업용 장비 수리 | T97: 전력, 가스 및 증기 | U97: 수도, 폐기물처리 및 재활용서비스 | V97: 건설 | W97: 도소매 및 상품중개서비스 | X97: 운송서비스 | Y97: 음식점 및 숙박서비스 | Z97: 정보통신 및 방송서비스 | AA97: 금융 및 보험서비스 | AB97: 부동산서비스 | AC97: 전문, 과학 및 기술 서비스 | AD97: 사업지원서비스 | AE97: 공공행정, 국방 및 사회보장 | AF97: 교육서비스 | AG97: 보건 및 사회복지서비스 | AH97: 예술, 스포츠 및 여가 관련 서비스 | AI97: 기타 서비스 | AJ97: 기타 | AK97: 중간수요계 | AL97: 민간소비지출 (가계 및 가계봉사 비영리단체) | AM97: 정부소비지출 | AN97: 민간고정 자본형성 | AO97: 정부고정 자본형성 | AP97: 재고증감 | AQ97: 귀중품 순취득 | AR97: 수출 | AS97: 최종수요계 | AT97: 총수요계
A98: A | B98: 농림수산품 | C98: 4256311 | D98: 3473 | E98: 44787107 | F98: 264444 | G98: 661849 | H98: 4203 | I98: 1326557.9 | J98: 1.1183281 | K98: 3614 | L98: 6461 | M98: 7383 | N98: 7338 | O98: 2082 | P98: 6967 | Q98: 2432 | R98: 14838 | S98: 542287 | T98: 3751 | U98: 12739 | V98: 403188 | W98: 103863 | X98: 13100 | Y98: 13418941 | Z98: 14422 | AA98: 11833 | AB98: 7087 | AC98: 72958 | AD98: 20574 | AE98: 333297 | AF98: 716622 | AG98: 904970 | AH98: 72052 | AI98: 72609 | AJ98: 3405 | AK98: =SUM(C98:AJ98) -> 68082759 | AL98: 20977330 | AM98: 0 | AN98: 1005548 | AO98: 708 | AP98: -196797 | AQ98: 0 | AR98: 1148216 | AS98: =SUM(AL98:AR98) -> 22935005 | AT98: =AK98+AR98 -> 69230975
A99: B | B99: 광산품 | C99: 2055 | D99: 2999 | E99: 48702 | F99: 3592 | G99: 35023 | H99: 108067377 | I99: 8679206.2 | J99: 0.75110885 | K99: 5208178 | L99: 33232955 | M99: 40482 | N99: 37583 | O99: 8789 | P99: 16354 | Q99: 5802 | R99: 3785 | S99: 76904 | T99: 68593275 | U99: 53587 | V99: 278992 | W99: 0 | X99: 0 | Y99: 15310 | Z99: 0 | AA99: 0 | AB99: 141 | AC99: 17244 | AD99: 13414 | AE99: 16766 | AF99: 1073 | AG99: 16722 | AH99: 2420 | AI99: 2421 | AJ99: 34 | AK99: =SUM(C99:AJ99) -> 224481186 | AL99: 20312 | AM99: 0 | AN99: 0 | AO99: 0 | AP99: -1208060 | AQ99: 0 | AR99: 164539 | AS99: =SUM(AL99:AR99) -> -1023209 | AT99: =AK99+AR99 -> 224645725
A100: C01 | B100: 음식료품 | C100: 13490896 | D100: 16188 | E100: 37267582 | F100: 1267831 | G100: 87762 | H100: 29747 | I100: 1948951.3 | J100: 2.7143773 | K100: 32354 | L100: 78230 | M100: 106035 | N100: 28458 | O100: 23722 | P100: 80841 | Q100: -15144 | R100: 10976 | S100: 642150 | T100: 1667262 | U100: 75594 | V100: 29879 | W100: 2137267 | X100: 237559 | Y100: 62634265 | Z100: 321736 | AA100: 166231 | AB100: 20690 | AC100: 1680284 | AD100: 730059 | AE100: 1178818 | AF100: 3190985 | AG100: 3326884 | AH100: 2766615 | AI100: 1099495 | AJ100: 54767 | AK100: =SUM(C100:AJ100) -> 136414972 | AL100: 79996863 | AM100: 0 | AN100: 0 | AO100: 0 | AP100: -312055 | AQ100: 0 | AR100: 13216832 | AS100: =SUM(AL100:AR100) -> 92901640 | AT100: =AK100+AR100 -> 149631804
A101: C02 | B101: 섬유 및 가죽제품 | C101: 690669 | D101: 18761 | E101: 152583 | F101: 21941986 | G101: 610886 | H101: 100196 | I101: 1674117.8 | J101: 2.1538698 | K101: 167311 | L101: 181532 | M101: 398657 | N101: 396591 | O101: 175855 | P101: 148702 | Q101: 1234584 | R101: 1704538 | S101: 2681541 | T101: 46471 | U101: 260471 | V101: 183767 | W101: 1793848 | X101: 1945331 | Y101: 1580633 | Z101: 250655 | AA101: 107312 | AB101: 175614 | AC101: 554339 | AD101: 1178436 | AE101: 689348 | AF101: 212655 | AG101: 919104 | AH101: 556457 | AI101: 863694 | AJ101: 17447 | AK101: =SUM(C101:AJ101) -> 43614094 | AL101: 44692848 | AM101: 0 | AN101: 99316 | AO101: 49995 | AP101: 238347 | AQ101: 0 | AR101: 20177963 | AS101: =SUM(AL101:AR101) -> 65258469 | AT101: =AK101+AR101 -> 63792057
A102: C03 | B102: 목재 및 종이, 인쇄 | C102: 866017 | D102: 11121 | E102: 3715108 | F102: 415547 | G102: 17244503 | H102: 134210 | I102: 1997371.3 | J102: 3.7329166 | K102: 426375 | L102: 243459 | M102: 1061021 | N102: 295987 | O102: 571350 | P102: 353312 | Q102: 120280 | R102: 1901882 | S102: 408384 | T102: 792752 | U102: -6870 | V102: 6049727 | W102: 4278205 | X102: 1476571 | Y102: 2137353 | Z102: 2006707 | AA102: 1592341 | AB102: 227894 | AC102: 5069685 | AD102: 631911 | AE102: 913133 | AF102: 960333 | AG102: 1291250 | AH102: 308585 | AI102: 831503 | AJ102: 9881 | AK102: =SUM(C102:AJ102) -> 58336892 | AL102: 1990283 | AM102: 0 | AN102: 0 | AO102: 0 | AP102: 247498 | AQ102: 0 | AR102: 4630328 | AS102: =SUM(AL102:AR102) -> 6868109 | AT102: =AK102+AR102 -> 62967220
A103: C04 | B103: 석탄 및 석유제품 | C103: 1553720 | D103: 127562 | E103: 368746 | F103: 182073 | G103: 306192 | H103: 8485744 | I103: 43895210 | J103: 37.330361 | K103: 2409467 | L103: 721361 | M103: 527953 | N103: 108255 | O103: 512348 | P103: 337756 | Q103: 472866 | R103: 45874 | S103: 1013019 | T103: 4111860 | U103: 690962 | V103: 4687554 | W103: 9503880 | X103: 24628899 | Y103: 3477744 | Z103: 404311 | AA103: 146259 | AB103: 918026 | AC103: 4380042 | AD103: 918546 | AE103: 3355174 | AF103: 2599025 | AG103: 1564184 | AH103: 353775 | AI103: 1093548 | AJ103: 22523 | AK103: =SUM(C103:AJ103) -> 123924495 | AL103: 20010215 | AM103: 0 | AN103: 0 | AO103: 0 | AP103: 685143 | AQ103: 0 | AR103: 77066088 | AS103: =SUM(AL103:AR103) -> 97761446 | AT103: =AK103+AR103 -> 200990583
A104: C05 | B104: 화학제품 | C104: 5335756 | D104: 219298 | E104: 4720446 | F104: 6819729 | G104: 3803170 | H104: 3537795 | I104: 1.2936269e+08 | J104: 151.83704 | K104: 2543485 | L104: 3102895 | M104: 9009090 | N104: 20188581 | O104: 17404850 | P104: 5570490 | Q104: 21793941 | R104: 2998181 | S104: 1983061 | T104: 2417171 | U104: 2164833 | V104: 12222208 | W104: 5288979 | X104: 1560674 | Y104: 4858345 | Z104: 812354 | AA104: 121602 | AB104: 277568 | AC104: 10278206 | AD104: 3992188 | AE104: 1614775 | AF104: 1270286 | AG104: 32946431 | AH104: 758170 | AI104: 3728706 | AJ104: 31956 | AK104: =SUM(C104:AJ104) -> 322738057 | AL104: 16391860 | AM104: 0 | AN104: 0 | AO104: 0 | AP104: 2035871 | AQ104: 0 | AR104: 141937188 | AS104: =SUM(AL104:AR104) -> 160364919 | AT104: =AK104+AR104 -> 464675245
B105: 분석업체 | C105: =C59/$AT$59*cases2!$B$6 -> 11.044759 | D105: =D59/$AT$59*cases2!$B$6 -> 0.45393635 | E105: =E59/$AT$59*cases2!$B$6 -> 9.7710969 | F105: =F59/$AT$59*cases2!$B$6 -> 14.116512 | G105: =G59/$AT$59*cases2!$B$6 -> 7.8723796 | H105: =H59/$AT$59*cases2!$B$6 -> 7.323066 | I105: =I59/$AT$59*cases2!$B$6 -> 267.77453 | J105: =J59/$AT$59*cases2!$B$6 -> 0.00034566547 | ... AJ105: =AJ59/$AT$59*cases2!$B$6 -> 0.066147388 | AK105: =SUM(C105:AJ105) -> 668.05231 | AL105: =AL59/$AT$59*cases2!$B$6 -> 33.930364 | AM105: =AM59/$AT$59*cases2!$B$6 -> 0 | AN105: =AN59/$AT$59*cases2!$B$6 -> 0 | AO105: =AO59/$AT$59*cases2!$B$6 -> 0 | AP105: =AP59/$AT$59*cases2!$B$6 -> 4.2141554 | AQ105: =AQ59/$AT$59*cases2!$B$6 -> 0 | AR105: =AR59/$AT$59*cases2!$B$6 -> 293.80317 | AS105: =SUM(AL105:AR105) -> 331.94769 | AT105: =AK105+AR105 -> 961.85548
A106: C06 | B106: 비금속광물제품 | C106: 36617 | D106: 8918 | E106: 905256 | F106: 41584 | G106: 59557 | H106: 153911 | I106: 1621302.9 | J106: 2.0826398 | K106: 7622593 | L106: 3265699 | M106: 612991 | N106: 1987167 | O106: 1806637 | P106: 511290 | Q106: 2300485 | R106: 257029 | S106: 203556 | T106: -152005 | U106: 187593 | V106: 29763706 | W106: 119481 | X106: 76745 | Y106: 742147 | Z106: 13661 | AA106: 3896 | AB106: 84202 | AC106: 340999 | AD106: 226159 | AE106: 331107 | AF106: 142765 | AG106: 71373 | AH106: 141732 | AI106: 56146 | AJ106: 4568 | AK106: =SUM(C106:AJ106) -> 53548870 | AL106: 181273 | AM106: 0 | AN106: 0 | AO106: 0 | AP106: 187387 | AQ106: 0 | AR106: 4781328 | AS106: =SUM(AL106:AR106) -> 5149988 | AT106: =AK106+AR106 -> 58330198
A107: C07 | B107: 1차 금속제품 | C107: 91111 | D107: 8196 | E107: 26239 | F107: 2697 | G107: 45720 | H107: 562107 | I107: 3388709.1 | J107: 2.8839309 | K107: 903550 | L107: 62564642 | M107: 26175296 | N107: 6708120 | O107: 18310513 | P107: 13493061 | Q107: 26369922 | R107: 1765850 | S107: 1069388 | T107: 413958 | U107: 170727 | V107: 25701309 | W107: -713 | X107: 132195 | Y107: 27276 | Z107: -21236 | AA107: -69 | AB107: -534 | AC107: 435186 | AD107: 1189 | AE107: 3109 | AF107: -19677 | AG107: 366089 | AH107: -4842 | AI107: -29801 | AJ107: 9136 | AK107: =SUM(C107:AJ107) -> 188668426 | AL107: -731720 | AM107: 0 | AN107: -3134918 | AO107: -83309 | AP107: 118320 | AQ107: 163833 | AR107: 59288136 | AS107: =SUM(AL107:AR107) -> 55620342 | AT107: =AK107+AR107 -> 247956562
A108: C08 | B108: 금속가공제품 | C108: 77940 | D108: 117861 | E108: 2371080 | F108: 248175 | G108: 609407 | H108: 2900135 | I108: 2673616.3 | J108: 4.6821278 | K108: 667203 | L108: 1573739 | M108: 20929812 | N108: 2705363 | O108: 5224767 | P108: 19768968 | Q108: 18833190 | R108: 1490999 | S108: 1288202 | T108: 869133 | U108: 548021 | V108: 25476298 | W108: 1147254 | X108: 1077767 | Y108: 1741987 | Z108: 251710 | AA108: 141513 | AB108: 200822 | AC108: 1247365 | AD108: 1101443 | AE108: 1742143 | AF108: 474147 | AG108: 355816 | AH108: 255624 | AI108: 953188 | AJ108: 15794 | AK108: =SUM(C108:AJ108) -> 119080487 | AL108: 1887217 | AM108: 0 | AN108: 6527800 | AO108: 2370938 | AP108: 174696 | AQ108: 0 | AR108: 17376557 | AS108: =SUM(AL108:AR108) -> 28337208 | AT108: =AK108+AR108 -> 136457044
A109: C09 | B109: 컴퓨터, 전자 및 광학기기 | C109: 181673 | D109: 13321 | E109: 179518 | F109: 41611 | G109: 229681 | H109: 822010 | I109: 730147.75 | J109: 1.2527055 | K109: 94215 | L109: 473834 | M109: 1129751 | N109: 111091806 | O109: 14357957 | P109: 8884238 | Q109: 11446256 | R109: 150345 | S109: 2381775 | T109: 1173725 | U109: 449580 | V109: 1185699 | W109: 3095517 | X109: 872734 | Y109: 1525087 | Z109: 10007238 | AA109: 604376 | AB109: 631498 | AC109: 13688295 | AD109: 1617811 | AE109: 1101557 | AF109: 1963339 | AG109: 4361931 | AH109: 523425 | AI109: 2615814 | AJ109: 51754 | AK109: =SUM(C109:AJ109) -> 197677520 | AL109: 25091325 | AM109: 0 | AN109: 30155221 | AO109: 4162495 | AP109: 486519 | AQ109: 0 | AR109: 191050500 | AS109: =SUM(AL109:AR109) -> 250946060 | AT109: =AK109+AR109 -> 388728020
A110: C10 | B110: 전기장비 | C110: 127130 | D110: 94350 | E110: 134004 | F110: 66778 | G110: 206216 | H110: 469945 | I110: 534498.05 | J110: 0.94996191 | K110: 332306 | L110: 548446 | M110: 1395586 | N110: 8141816 | O110: 43904389 | P110: 8454471 | Q110: 25867522 | R110: 311865 | S110: 2037205 | T110: 2146060 | U110: 972943 | V110: 15485158 | W110: 1888909 | X110: 3253534 | Y110: 2548408 | Z110: 3173256 | AA110: 368769 | AB110: 850238 | AC110: 8335414 | AD110: 2483438 | AE110: 982153 | AF110: 785992 | AG110: 597813 | AH110: 457683 | AI110: 3195593 | AJ110: 11785 | AK110: =SUM(C110:AJ110) -> 140163674 | AL110: 11254160 | AM110: 0 | AN110: 15865555 | AO110: 302355 | AP110: -360625 | AQ110: 0 | AR110: 46805116 | AS110: =SUM(AL110:AR110) -> 73866561 | AT110: =AK110+AR110 -> 186968790
A111: C11 | B111: 기계 및 장비 | C111: 129919 | D111: 120796 | E111: 347920 | F111: 31863 | G111: 94508 | H111: 1382092 | I111: 788528 | J111: 100 | K111: 155078 | L111: 734140 | M111: 2600060 | N111: 1519513 | O111: 1498282 | P111: 39011415 | Q111: 9746821 | R111: 56187 | S111: 1472837 | T111: 1127344 | U111: 1179355 | V111: 11223089 | W111: 650365 | X111: 989282 | Y111: 370234 | Z111: 128658 | AA111: 50603 | AB111: 337724 | AC111: 1323848 | AD111: 383679 | AE111: 539228 | AF111: 368941 | AG111: 247391 | AH111: 151440 | AI111: 135707 | AJ111: 6506 | AK111: =SUM(C111:AJ111) -> 78903453 | AL111: 2796216 | AM111: 0 | AN111: 90764774 | AO111: 1006484 | AP111: 229139 | AQ111: 0 | AR111: 70735546 | AS111: =SUM(AL111:AR111) -> 165532159 | AT111: =AK111+AR111 -> 149638999
A112: C12 | B112: 운송장비 | C112: 214292 | D112: 171746 | E112: 36186 | F112: 13210 | G112: 88391 | H112: 261289 | I112: 302512.44 | J112: 0.56210949 | K112: 199501 | L112: 171865 | M112: 276460 | N112: 16439 | O112: 89307 | P112: 701786 | Q112: 96037051 | R112: 18832 | S112: 3598588 | T112: 153854 | U112: 575492 | V112: 37247 | W112: 681877 | X112: 10079696 | Y112: 179329 | Z112: 151437 | AA112: 22514 | AB112: 43088 | AC112: 3650026 | AD112: 876040 | AE112: 3578727 | AF112: 166906 | AG112: 225780 | AH112: 108240 | AI112: 7993657 | AJ112: 7888 | AK112: =SUM(C112:AJ112) -> 130729254 | AL112: 40901705 | AM112: 0 | AN112: 42292727 | AO112: 13019884 | AP112: 3133154 | AQ112: 0 | AR112: 157357500 | AS112: =SUM(AL112:AR112) -> 256704970 | AT112: =AK112+AR112 -> 288086754
A113: C13 | B113: 기타 제조업제품 | C113: 13043 | D113: 4348 | E113: 265784 | F113: 400619 | G113: 49555 | H113: 19543 | I113: 63825.907 | J113: 0.09275677 | K113: 9664 | L113: 32816 | M113: 127540 | N113: 53518 | O113: 39413 | P113: 60546 | Q113: 58127 | R113: 1765026 | S113: 211009 | T113: 19253 | U113: 201605 | V113: 2450611 | W113: 958311 | X113: 218259 | Y113: 2773762 | Z113: 459712 | AA113: 238915 | AB113: 984873 | AC113: 1963776 | AD113: 962940 | AE113: 659646 | AF113: 2473529 | AG113: 820745 | AH113: 1323183 | AI113: 807734 | AJ113: 11875 | AK113: =SUM(C113:AJ113) -> 20503106 | AL113: 10947329 | AM113: 0 | AN113: 4161544 | AO113: 210426 | AP113: 166929 | AQ113: 1489650 | AR113: 3980497 | AS113: =SUM(AL113:AR113) -> 20956375 | AT113: =AK113+AR113 -> 24483603
A114: C14 | B114: 제조임가공 및 산업용 장비 수리 | C114: 242070 | D114: 152155 | E114: 5486522 | F114: 9985095 | G114: 1801603 | H114: 435565 | I114: 9541651 | J114: 17.959534 | K114: 1369996 | L114: 4224299 | M114: 5725936 | N114: 18958535 | O114: 6950897 | P114: 12079284 | Q114: 8404373 | R114: 2035952 | S114: 12334112 | T114: 411980 | U114: 403424 | V114: 190115 | W114: 524872 | X114: 87915 | Y114: 119377 | Z114: 257520 | AA114: 52047 | AB114: 76140 | AC114: 312264 | AD114: 1017368 | AE114: 230996 | AF114: 285366 | AG114: 1116365 | AH114: 128510 | AI114: 55174 | AJ114: 1492 | AK114: =SUM(C114:AJ114) -> 104998988 | AL114: 28837 | AM114: 0 | AN114: 0 | AO114: 0 | AP114: 0 | AQ114: 0 | AR114: 4155270 | AS114: =SUM(AL114:AR114) -> 4184107 | AT114: =AK114+AR114 -> 109154258
A115: D | B115: 전력, 가스 및 증기 | C115: 1767890 | D115: 309520 | E115: 3418331 | F115: 1482512 | G115: 2587944 | H115: 4698075 | I115: 13644306 | J115: 200 | K115: 2510460 | L115: 13713403 | M115: 1874689 | N115: 10769625 | O115: 1765024 | P115: 2141590 | Q115: 4950664 | R115: 197778 | S115: 810329 | T115: 25782761 | U115: 909490 | V115: 748789 | W115: 3749316 | X115: 3699428 | Y115: 1395483 | Z115: 1207141 | AA115: 1004513 | AB115: 2119641 | AC115: 6920949 | AD115: 477521 | AE115: 1132201 | AF115: 3465835 | AG115: 1954483 | AH115: 920786 | AI115: 777356 | AJ115: 2523 | AK115: =SUM(C115:AJ115) -> 122910556 | AL115: 28833591 | AM115: 0 | AN115: 0 | AO115: 0 | AP115: 0 | AQ115: 0 | AR115: 163506 | AS115: =SUM(AL115:AR115) -> 28997097 | AT115: =AK115+AR115 -> 123074062
A116: E | B116: 수도, 폐기물처리 및 재활용서비스 | C116: 89368 | D116: 14541 | E116: 826779 | F116: 386115 | G116: 575476 | H116: 130595 | I116: 4924306.1 | J116: 9.8877815 | K116: 637797 | L116: 5187656 | M116: 905612 | N116: 235320 | O116: 281475 | P116: 742523 | Q116: 461476 | R116: 55082 | S116: 255182 | T116: 332905 | U116: 2236474 | V116: 341237 | W116: 165479 | X116: 464005 | Y116: 2878054 | Z116: 361325 | AA116: 303706 | AB116: 2573899 | AC116: 1005874 | AD116: 452566 | AE116: 1046785 | AF116: 1383081 | AG116: 1977621 | AH116: 421875 | AI116: 627650 | AJ116: 8234 | AK116: =SUM(C116:AJ116) -> 32290083 | AL116: 5621462 | AM116: 3376692 | AN116: 0 | AO116: 0 | AP116: 0 | AQ116: 0 | AR116: 703138 | AS116: =SUM(AL116:AR116) -> 9701292 | AT116: =AK116+AR116 -> 32993221
A117: F | B117: 건설 | C117: 88514 | D117: 32490 | E117: 115964 | F117: 17981 | G117: 52301 | H117: 105287 | I117: 239146.52 | J117: 0.48130556 | K117: 35374 | L117: 173084 | M117: 142250 | N117: 79641 | O117: 106790 | P117: 86476 | Q117: 23178 | R117: 15431 | S117: 19997 | T117: 294042 | U117: 116218 | V117: 22772 | W117: 382154 | X117: 135823 | Y117: 862064 | Z117: 378330 | AA117: 59155 | AB117: 18831564 | AC117: 837373 | AD117: 366211 | AE117: 850453 | AF117: 169025 | AG117: 98138 | AH117: 151080 | AI117: 166440 | AJ117: 8090 | AK117: =SUM(C117:AJ117) -> 25062837 | AL117: 0 | AM117: 0 | AN117: 239341758 | AO117: 75543183 | AP117: 2120576 | AQ117: 0 | AR117: 171495 | AS117: =SUM(AL117:AR117) -> 317177012 | AT117: =AK117+AR117 -> 25234332
... A131: T | B131: 기타 | C131: 269414 | D131: 15963 | E131: 83286 | F131: 18483 | G131: 75392 | H131: 137738 | I131: 792650.4 | J131: 1.5952925 | K131: 23147 | L131: 42575 | M131: 131618 | N131: 63701 | O131: 54728 | P131: 91336 | Q131: 23958 | R131: 18948 | S131: 433554 | T131: 142445 | U131: 40948 | V131: 32265 | W131: 492128 | X131: 55217 | Y131: 250478 | Z131: 428335 | AA131: 58639 | AB131: 537173 | AC131: 239556 | AD131: 179839 | AE131: 45902 | AF131: 36693 | AG131: 373801 | AH131: 101652 | AI131: 54194 | AJ131: 109679 | AK131: =SUM(C131:AJ131) -> 5455437 | AL131: -435478 | AM131: 0 | AN131: 0 | AO131: 0 | AP131: 0 | AQ131: 0 | AR131: 0 | AS131: =SUM(AL131:AR131) -> -435478 | AT131: =AK131+AR131 -> 5455437
A132: 9590 | B132: 중간투입계 | C132: =SUM(C98:C131) -> 39166539 | D132: =SUM(D98:D131) -> 3169491.5 | E132: =SUM(E98:E131) -> 1.3945704e+08 | F132: =SUM(F98:F131) -> 57298927 | G132: =SUM(G98:G131) -> 39700946 | H132: =SUM(H98:H131) -> 1.435734e+08 | I132: =SUM(I98:I131) -> 2.8556543e+08 | J132: =SUM(J98:J131) -> 650.00035 | ... AT132: =SUM(AT98:AT131) -> 4.4032379e+09
A133: 9610 | B133: 피용자보수 | C133: 7311007 | D133: 763130 | E133: 15128140 | F133: 6942083 | G133: 7714470 | H133: 1849380 | I133: 33024739 | J133: 200 | K133: 5591739 | L133: 12874780 | M133: 22094377 | N133: 38330264 | O133: 18684449 | P133: 28417504 | Q133: 24629085 | R133: 4430442 | S133: 30392667 | T133: 7229124 | U133: 9301644 | V133: 108270135 | W133: 105848898 | X133: 45972783 | Y133: 37217436 | Z133: 48448668 | AA133: 52077047 | AB133: 23572589 | AC133: 119508944 | AD133: 53019085 | AE133: 89879718 | AF133: 84723533 | AG133: 91542475 | AH133: 14325783 | AI133: 21260262 | AJ133: 0 | AK133: =SUM(C133:AJ133) -> 1170376580
A134: 9621 | B134: 영업잉여 | C134: 20790625 | D134: 907945 | E134: 6246706 | F134: 1230526 | G134: 5894202 | H134: 10160438 | I134: 26725352 | J134: 100 | K134: 2061144 | L134: 12662963 | M134: 15468441 | N134: -2691522 | O134: 509104 | P134: 5170759 | Q134: 8332412 | R134: 1502834 | S134: 4585557 | T134: -117531 | U134: 4067693 | V134: 6664903 | W134: 71028220 | X134: 16697450 | Y134: 17852378 | Z134: 24101295 | AA134: 68918948 | AB134: 64506524 | AC134: 32838525 | AD134: 24595921 | AE134: 0 | AF134: 5753379 | AG134: 22888082 | AH134: 8967271 | AI134: 7606932 | AJ134: 0 | AK134: =SUM(C134:AJ134) -> 495927576 | AP134: =AS132-AK137 -> 1.0159576e+09
A135: 9622 | B135: 고정자본소모 | C135: 6826925 | D135: 492826 | E135: 7184340 | F135: 2607552 | G135: 1594645 | H135: 3179003 | I135: 26775668 | J135: 50 | K135: 4858806 | L135: 10685788 | M135: 5299685 | N135: 59980214 | O135: 16524948 | P135: 11389415 | Q135: 27105345 | R135: 906543 | S135: 10150938 | T135: 20286757 | U135: 5288608 | V135: 6766250 | W135: 18105570 | X135: 36332814 | Y135: 5371797 | Z135: 35261097 | AA135: 12984833 | AB135: 69279349 | AC135: 28647148 | AD135: 7189528 | AE135: 60428502 | AF135: 12635621 | AG135: 13918268 | AH135: 6439170 | AI135: 4683288 | AJ135: 0 | AK135: =SUM(C135:AJ135) -> 539181291
A136: 9630 | B136: 생산세(보조금공제) | C136: -27016 | D136: -6795 | E136: 14378726 | F136: 2081072 | G136: 1110431 | H136: 17800753 | I136: 4534298 | J136: 0 | K136: 911160 | L136: 1198062 | M136: 1425139 | N136: 2455564 | O136: 1946311 | P136: 1845434 | Q136: 7185378 | R136: 997653 | S136: 548886 | T136: 3631197 | U136: 108881 | V136: 21285495 | W136: 17403973 | X136: -2966019 | Y136: 12631432 | Z136: 6428467 | AA136: 10283809 | AB136: 33396994 | AC136: 3703102 | AD136: 3414461 | AE136: 3508 | AF136: 209536 | AG136: 218867 | AH136: 6447347 | AI136: 3202028 | AJ136: 0 | AK136: =SUM(C136:AJ136) -> 177788134
A137: 9690 | B137: 부가가치계 | C137: =SUM(C133:C136) -> 34901541 | D137: =SUM(D133:D136) -> 2157106 | E137: =SUM(E133:E136) -> 42937912 | F137: =SUM(F133:F136) -> 12861233 | G137: =SUM(G133:G136) -> 16313748 | H137: =SUM(H133:H136) -> 32989574 | I137: =SUM(I133:I136) -> 91060057 | J137: =SUM(J133:J136) -> 350 | ... AK137: =SUM(AK133:AK136) -> 2383273581
A138: 9790 | B138: 총투입계 | C138: =C137+C132 -> 74068080 | D138: =D137+D132 -> 5326597.5 | E138: =E137+E132 -> 1.8239495e+08 | F138: =F137+F132 -> 70160160 | G138: =G137+G132 -> 56014694 | H138: =H137+H132 -> 1.7656297e+08 | I138: =I137+I132 -> 3.7662549e+08 | J138: =J137+J132 -> 1000.0003 | ... AK138: =AK137+AK132 -> 5.7866954e+09
A144: 상품 상품 | C144: A | D144: B | E144: C01 | F144: C02 | G144: C03 | H144: C04 | I144: C05 | K144: C06 | L144: C07 | M144: C08 | N144: C09 | O144: C10 | P144: C11 | Q144: C12 | R144: C13 | S144: C14 | T144: D | U144: E | V144: F | W144: G | X144: H | Y144: I | Z144: J | AA144: K | AB144: L | AC144: M | AD144: N | AE144: O | AF144: P | AG144: Q | AH144: R | AI144: S | AJ144: T | AK144: 9090 | AL144: 9111 | AM144: 9112 | AN144: 9121 | AO144: 9122 | AP144: 9131 | AQ144: 9132 | AR144: 9140 | AS144: 9190 | AT144: 9290
C145: 농림수산품 | D145: 광산품 | E145: 음식료품 | F145: 섬유 및 가죽제품 | G145: 목재 및 종이, 인쇄 | H145: 석탄 및 석유제품 | I145: 화학제품 | J145: 분석업체 | K145: 비금속광물제품 | L145: 1차 금속제품 | M145: 금속가공제품 | N145: 컴퓨터, 전자 및 광학기기 | O145: 전기장비 | P145: 기계 및 장비 | Q145: 운송장비 | R145: 기타 제조업제품 | S145: 제조임가공 및 산업용 장비 수리 | T145: 전력, 가스 및 증기 | U145: 수도, 폐기물처리 및 재활용서비스 | V145: 건설 | W145: 도소매 및 상품중개서비스 | X145: 운송서비스 | Y145: 음식점 및 숙박서비스 | Z145: 정보통신 및 방송서비스 | AA145: 금융 및 보험서비스 | AB145: 부동산서비스 | AC145: 전문, 과학 및 기술 서비스 | AD145: 사업지원서비스 | AE145: 공공행정, 국방 및 사회보장 | AF145: 교육서비스 | AG145: 보건 및 사회복지서비스 | AH145: 예술, 스포츠 및 여가 관련 서비스 | AI145: 기타 서비스 | AJ145: 기타 | AK145: 중간수요계 | AL145: 민간소비지출 (가계 및 가계봉사 비영리단체) | AM145: 정부소비지출 | AN145: 민간고정 자본형성 | AO145: 정부고정 자본형성 | AP145: 재고증감 | AQ145: 귀중품 순취득 | AR145: 수출 | AS145: 최종수요계 | AT145: 총수요계
A146: A | B146: 농림수산품 | C146: 4256311 | D146: 3473 | E146: 44787107 | F146: 264444 | G146: 661849 | H146: 4203 | I146: 1326557.9 | J146: 1.1183281 | K146: 3614 | L146: 6461 | M146: 7383 | N146: 7338 | O146: 2082 | P146: 6967 | Q146: 2432 | R146: 14838 | S146: 542287 | T146: 3751 | U146: 12739 | V146: 403188 | W146: 103863 | X146: 13100 | Y146: 13418941 | Z146: 14422 | AA146: 11833 | AB146: 7087 | AC146: 72958 | AD146: 20574 | AE146: 333297 | AF146: 716622 | AG146: 904970 | AH146: 72052 | AI146: 72609 | AJ146: 3405 | AK146: =SUM(C146:AJ146) -> 68082759 | AL146: 20977330 | AM146: 0 | AN146: 1005548 | AO146: 708 | AP146: -196797 | AQ146: 0 | AR146: 1148216 | AS146: =SUM(AL146:AR146) -> 22935005 | AT146: =AK146+AS146 -> 91017764
A147: B | B147: 광산품 | C147: 2055 | D147: 2999 | E147: 48702 | F147: 3592 | G147: 35023 | H147: 108067377 | I147: 8679206.2 | J147: 0.75110885 | K147: 5208178 | L147: 33232955 | M147: 40482 | N147: 37583 | O147: 8789 | P147: 16354 | Q147: 5802 | R147: 3785 | S147: 76904 | T147: 68593275 | U147: 53587 | V147: 278992 | W147: 0 | X147: 0 | Y147: 15310 | Z147: 0 | AA147: 0 | AB147: 141 | AC147: 17244 | AD147: 13414 | AE147: 16766 | AF147: 1073 | AG147: 16722 | AH147: 2420 | AI147: 2421 | AJ147: 34 | AK147: =SUM(C147:AJ147) -> 224481186 | AL147: 20312 | AM147: 0 | AN147: 0 | AO147: 0 | AP147: -1208060 | AQ147: 0 | AR147: 164539 | AS147: =SUM(AL147:AR147) -> -1023209 | AT147: =AK147+AS147 -> 223457977
...

Sheet 국산거래표_new
A5: 상품 상품 | C5: A | D5: B | E5: C01 | F5: C02 | G5: C03 | H5: C04 | I5: C05 | K5: C06 | L5: C07 | M5: C08 | N5: C09 | O5: C10 | P5: C11 | Q5: C12 | R5: C13 | S5: C14 | T5: D | U5: E | V5: F | W5: G | X5: H | Y5: I | Z5: J | AA5: K | AB5: L | AC5: M | AD5: N | AE5: O | AF5: P | AG5: Q | AH5: R | AI5: S | AJ5: T | AK5: 9090 | AL5: 9111 | AM5: 9112 | AN5: 9121 | AO5: 9122 | AP5: 9131 | AQ5: 9132 | AR5: 9140 | AS5: 9190 | AT5: 9290
C6: 농림수산품 | D6: 광산품 | E6: 음식료품 | F6: 섬유 및 가죽제품 | G6: 목재 및 종이, 인쇄 | H6: 석탄 및 석유제품 | I6: 화학제품 | J6: 분석업체 | K6: 비금속광물제품 | L6: 1차 금속제품 | M6: 금속가공제품 | N6: 컴퓨터, 전자 및 광학기기 | O6: 전기장비 | P6: 기계 및 장비 | Q6: 운송장비 | R6: 기타 제조업 제품 | S6: 제조임가공 및 산업용 장비 수리 | T6: 전력, 가스 및 증기 | U6: 수도, 폐기물처리 및 재활용서비스 | V6: 건설 | W6: 도소매 및 상품중개서비스 | X6: 운송서비스 | Y6: 음식점 및 숙박서비스 | Z6: 정보통신 및 방송 서비스 | AA6: 금융 및 보험 서비스 | AB6: 부동산서비스 | AC6: 전문, 과학 및 기술 서비스 | AD6: 사업지원서비스 | AE6: 공공행정, 국방 및 사회보장 | AF6: 교육서비스 | AG6: 보건 및 사회복지 서비스 | AH6: 예술, 스포츠 및 여가 관련 서비스 | AI6: 기타 서비스 | AJ6: 기타 | AK6: 중간수요계 | AL6: 민간소비지출 (가계 및 가계봉사 비영리단체) | AM6: 정부소비지출 | AN6: 민간고정 자본형성 | AO6: 정부고정 자본형성 | AP6: 재고증감 | AQ6: 귀중품 순취득 | AR6: 수출 | AS6: 최종수요계 | AT6: 총수요계
A7: A | B7: 농림수산품 | C7: 3770505 | D7: 3469 | E7: 34517696 | F7: 38677 | G7: 277682 | H7: 4203 | I7: =국산거래표_원본!I7-국산거래표_new!J7 -> 555662.53 | J7: =IFERROR(국산거래표_원본!I7/'A표_총거래표(생산자)_원본'!I7*'A표_총거래표(생산자)_new'!J146,0) -> 0.46844018 | K7: 3614 | L7: 6461 | M7: 7383 | N7: 7338 | O7: 2082 | P7: 6967 | Q7: 2303 | R7: 12637 | S7: 536115 | T7: 3751 | U7: 12739 | V7: 363655 | W7: 101278 | X7: 13100 | Y7: 12633334 | Z7: 14422 | AA7: 11833 | AB7: 7087 | AC7: 68851 | AD7: 20544 | AE7: 314883 | AF7: 713174 | AG7: 800522 | AH7: 70580 | AI7: 72609 | AJ7: 3405 | AK7: =SUM(C7:AJ7) -> 54978562 | AL7: 17086310 | AM7: 0 | AN7: 926994 | AO7: 683 | AP7: -72696 | AQ7: 0 | AR7: 1148216 | AS7: =SUM(AL7:AR7) -> 19089507 | AT7: =AK7+AS7 -> 74068069 | AU7: 74068069 | AV7: =AU7-AT7 -> 0
A8: B | B8: 광산품 | C8: 2055 | D8: 2999 | E8: 41769 | F8: 2547 | G8: 11840 | H8: 112216 | I8: =국산거래표_원본!I8-국산거래표_new!J8 -> 373202.97 | J8: =IFERROR(국산거래표_원본!I8/'A표_총거래표(생산자)_원본'!I8*'A표_총거래표(생산자)_new'!J147,0) -> 0.03229743 | K8: 3949468 | L8: 229276 | M8: 35343 | N8: 34809 | O8: 6206 | P8: 13252 | Q8: 2213 | R8: 2564 | S8: 18236 | T8: 127358 | U8: 53587 | V8: 249151 | W8: 0 | X8: 0 | Y8: 12965 | Z8: 0 | AA8: 0 | AB8: 141 | AC8: 6011 | AD8: 13414 | AE8: 16750 | AF8: 1073 | AG8: 16722 | AH8: 2420 | AI8: 2421 | AJ8: 34 | AK8: =SUM(C8:AJ8) -> 5340043 | AL8: 5091 | AM8: 0 | AN8: 0 | AO8: 0 | AP8: -183076 | AQ8: 0 | AR8: 164539 | AS8: =SUM(AL8:AR8) -> -13446 | AT8: =AK8+AS8 -> 5326597 | AU8: 5326597 | AV8: =AU8-AT8 -> 0
A9: C01 | B9: 음식료품 | C9: 13273857 | D9: 16188 | E9: 23135036 | F9: 86468 | G9: 67764 | H9: -9926 | I9: =국산거래표_원본!I9-국산거래표_new!J9 -> 1348689.1 | J9: =IFERROR(국산거래표_원본!I9/'A표_총거래표(생산자)_원본'!I9*'A표_총거래표(생산자)_new'!J148,0) -> 1.8783697 | K9: 32354 | L9: 78230 | M9: 106034 | N9: 28306 | O9: 23722 | P9: 80840 | Q9: -15144 | R9: 10822 | S9: 631680 | T9: 1119295 | U9: 75594 | V9: 29879 | W9: 2111745 | X9: 233156 | Y9: 53046845 | Z9: 319298 | AA9: 166213 | AB9: 20617 | AC9: 1583400 | AD9: 714859 | AE9: 1174868 | AF9: 3190626 | AG9: 2680305 | AH9: 2613864 | AI9: 1099434 | AJ9: 54767 | AK9: =SUM(C9:AJ9) -> 109129687 | AL9: 60359679 | AM9: 0 | AN9: 0 | AO9: 0 | AP9: -277115 | AQ9: 0 | AR9: 13182694 | AS9: =SUM(AL9:AR9) -> 73265258 | AT9: =AK9+AS9 -> 182394945 | AU9: 182394945 | AV9: =AU9-AT9 -> 0
A10: C02 | B10: 섬유 및 가죽제품 | C10: 516322 | D10: 18761 | E10: 131097 | F10: 9447326 | G10: 469462 | H10: 99962 | I10: =국산거래표_원본!I10-국산거래표_new!J10 -> 1070190.6 | J10: =IFERROR(국산거래표_원본!I10/'A표_총거래표(생산자)_원본'!I10*'A표_총거래표(생산자)_new'!J149,0) -> 1.3768752 | K10: 150174 | L10: 178752 | M10: 379901 | N10: 265419 | O10: 115994 | P10: 119809 | Q10: 974041 | R10: 1411763 | S10: 2466981 | T10: 44126 | U10: 232446 | V10: 78593 | W10: 1255250 | X10: 1794103 | Y10: 1548791 | Z10: 247453 | AA10: 100674 | AB10: 173734 | AC10: 479977 | AD10: 1119697 | AE10: 646005 | AF10: 211196 | AG10: 838527 | AH10: 538987 | AI10: 836162 | AJ10: 17447 | AK10: =SUM(C10:AJ10) -> 27979124 | AL10: 22360056 | AM10: 0 | AN10: 59349 | AO10: 35246 | AP10: 93928 | AQ10: 0 | AR10: 19632443 | AS10: =SUM(AL10:AR10) -> 42181022 | AT10: =AK10+AS10 -> 70160146 | AU10: 70160146 | AV10: =AU10-AT10 -> 0
A11: C03 | B11: 목재 및 종이, 인쇄 | C11: 858139 | D11: 11121 | E11: 3523836 | F11: 218583 | G11: 12285532 | H11: 133424 | I11: =국산거래표_원본!I11-국산거래표_new!J11 -> 1854768.5 | J11: =IFERROR(국산거래표_원본!I11/'A표_총거래표(생산자)_원본'!I11*'A표_총거래표(생산자)_new'!J150,0) -> 3.4664042 | K11: 387612 | L11: 234487 | M11: 982943 | N11: 146738 | O11: 483800 | P11: 332260 | Q11: 97757 | R11: 1409707 | S11: 394013 | T11: 426189 | U11: -7693 | V11: 4986871 | W11: 4184658 | X11: 1378727 | Y11: 1993336 | Z11: 1909900 | AA11: 1584659 | AB11: 226739 | AC11: 5025693 | AD11: 614390 | AE11: 845929 | AF11: 949913 | AG11: 1277891 | AH11: 268691 | AI11: 828469 | AJ11: 9881 | AK11: =SUM(C11:AJ11) -> 49858967 | AL11: 1312519 | AM11: 0 | AN11: 0 | AO11: 0 | AP11: 212872 | AQ11: 0 | AR11: 4630328 | AS11: =SUM(AL11:AR11) -> 6155719 | AT11: =AK11+AS11 -> 56014686 | AU11: 56014686 | AV11: =AU11-AT11 -> 0
A12: C04 | B12: 석탄 및 석유제품 | C12: 1515963 | D12: 125960 | E12: 326179 | F12: 113399 | G12: 238255 | H12: 4806990 | I12: =국산거래표_원본!I12-국산거래표_new!J12 -> 18548298 | J12: =IFERROR(국산거래표_원본!I12/'A표_총거래표(생산자)_원본'!I12*'A표_총거래표(생산자)_new'!J151,0) -> 15.774265 | K12: 2257768 | L12: 507483 | M12: 449612 | N12: 77093 | O12: 466380 | P12: 306892 | Q12: 408695 | R12: 43843 | S12: 704980 | T12: 2470064 | U12: 678652 | V12: 4666910 | W12: 8836925 | X12: 15957783 | Y12: 2950721 | Z12: 393549 | AA12: 139762 | AB12: 912283 | AC12: 4192860 | AD12: 894255 | AE12: 3333481 | AF12: 2184484 | AG12: 1490227 | AH12: 341918 | AI12: 912218 | AJ12: 22523 | AK12: =SUM(C12:AJ12) -> 81276421 | AL12: 17658256 | AM12: 0 | AN12: 0 | AO12: 0 | AP12: 562201 | AQ12: 0 | AR12: 77066088 | AS12: =SUM(AL12:AR12) -> 95286545 | AT12: =AK12+AS12 -> 176562966 | AU12: 176562966 | AV12: =AU12-AT12 -> 0
A13: C05 | B13: 화학제품 | C13: =국산거래표_원본!C13-국산거래표_new!C14 -> 4512615.7 | D13: =국산거래표_원본!D13-국산거래표_new!D14 -> 217551.55 | E13: =국산거래표_원본!E13-국산거래표_new!E14 -> 4252089.2 | F13: =국산거래표_원본!F13-국산거래표_new!F14 -> 5435483.7 | G13: =국산거래표_원본!G13-국산거래표_new!G14 -> 3512885.7 | H13: =국산거래표_원본!H13-국산거래표_new!H14 -> 2835506.1 | I13: =국산거래표_원본!I13-국산거래표_new!I14-309 -> 75442715 | J13: =IFERROR(국산거래표_원본!I13/'A표_총거래표(생산자)_원본'!I13*'A표_총거래표(생산자)_new'!J152,0) -> 88.549723 | K13: =국산거래표_원본!J13-국산거래표_new!K14 -> 1751716.4 | L13: =국산거래표_원본!K13-국산거래표_new!L14 -> 1645881.6 | M13: =국산거래표_원본!L13-국산거래표_new!M14 -> 7862775.7 | N13: =국산거래표_원본!M13-국산거래표_new!N14 -> 9877880.6 | O13: =국산거래표_원본!N13-국산거래표_new!O14 -> 9617026.1 | P13: =국산거래표_원본!O13-국산거래표_new!P14 -> 5052651.5 | Q13: =국산거래표_원본!P13-국산거래표_new!Q14 -> 19593946 | R13: =국산거래표_원본!Q13-국산거래표_new!R14 -> 2527831.8 | ... AJ13: =국산거래표_원본!AI13-국산거래표_new!AJ14 -> 31873.934 | AK13: =SUM(C13:AJ13) -> 2.2784468e+08 | AL13: =국산거래표_원본!AK13-국산거래표_new!AL14 -> 7116548.3 | AM13: =국산거래표_원본!AL13-국산거래표_new!AM14 -> 0 | AN13: =국산거래표_원본!AM13-국산거래표_new!AN14 -> 0 | AO13: =국산거래표_원본!AN13-국산거래표_new!AO14 -> 0 | AP13: =국산거래표_원본!AO13-국산거래표_new!AP14 -> 1249033.4 | AQ13: 0 | AR13: =국산거래표_원본!AQ13-국산거래표_new!AR14 -> 1.4041496e+08 | AS13: =SUM(AL13:AR13) -> 1.4878054e+08 | AT13: =AK13+AS13 -> 3.7662522e+08 | AU13: 376625218 | AV13: =AU13-AT13 -> 0.048309445
C14: =국산거래표_원본!C13/'A표_총거래표(생산자)_원본'!C13*'A표_총거래표(생산자)_new'!C153 -> 9.3409174 | D14: =국산거래표_원본!D13/'A표_총거래표(생산자)_원본'!D13*'A표_총거래표(생산자)_new'!D153 -> 0.45032221 | E14: =국산거래표_원본!E13/'A표_총거래표(생산자)_원본'!E13*'A표_총거래표(생산자)_new'!E153 -> 8.801639 | F14: =국산거래표_원본!F13/'A표_총거래표(생산자)_원본'!F13*'A표_총거래표(생산자)_new'!F153 -> 11.251214 | G14: =국산거래표_원본!G13/'A표_총거래표(생산자)_원본'!G13*'A표_총거래표(생산자)_new'!G153 -> 7.2715201 | H14: =국산거래표_원본!H13/'A표_총거래표(생산자)_원본'!H13*'A표_총거래표(생산자)_new'!H153 -> 5.8693739 | I14: =국산거래표_원본!I13/'A표_총거래표(생산자)_원본'!I13*'A표_총거래표(생산자)_new'!I153 -> 156.16358 | J14: =국산거래표_원본!I13/'A표_총거래표(생산자)_원본'!I13*'A표_총거래표(생산자)_new'!J153+200+20 -> 220.00018 | K14: =국산거래표_원본!J13/'A표_총거래표(생산자)_원본'!J13*'A표_총거래표(생산자)_new'!K153 -> 3.6259764 | L14: =국산거래표_원본!K13/'A표_총거래표(생산자)_원본'!K13*'A표_총거래표(생산자)_new'!L153 -> 3.406903 | M14: =국산거래표_원본!L13/'A표_총거래표(생산자)_원본'!L13*'A표_총거래표(생산자)_new'!M153 -> 16.275602 | N14: =국산거래표_원본!M13/'A표_총거래표(생산자)_원본'!M13*'A표_총거래표(생산자)_new'!N153 -> 20.446782 | O14: =국산거래표_원본!N13/'A표_총거래표(생산자)_원본'!N13*'A표_총거래표(생산자)_new'!O153 -> 19.906824 | P14: =국산거래표_원본!O13/'A표_총거래표(생산자)_원본'!O13*'A표_총거래표(생산자)_new'!P153 -> 10.458768 | Q14: =국산거래표_원본!P13/'A표_총거래표(생산자)_원본'!P13*'A표_총거래표(생산자)_new'!Q153 -> 40.558614 | R14: =국산거래표_원본!Q13/'A표_총거래표(생산자)_원본'!Q13*'A표_총거래표(생산자)_new'!R153 -> 5.2325014 | ... AJ14: =국산거래표_원본!AI13/'A표_총거래표(생산자)_원본'!AI13*'A표_총거래표(생산자)_new'!AJ153 -> 0.065977652 | AK14: =SUM(C14:AJ14) -> 691.62899 | AL14: =국산거래표_원본!AK13/'A표_총거래표(생산자)_원본'!AK13*'A표_총거래표(생산자)_new'!AL153 -> 14.730944 | AM14: =IFERROR(국산거래표_원본!AL13/'A표_총거래표(생산자)_원본'!AL13*'A표_총거래표(생산자)_new'!AM153,0) -> 0 | AN14: =IFERROR(국산거래표_원본!AM13/'A표_총거래표(생산자)_원본'!AM13*'A표_총거래표(생산자)_new'!AN153,0) -> 0 | AO14: =IFERROR(국산거래표_원본!AN13/'A표_총거래표(생산자)_원본'!AN13*'A표_총거래표(생산자)_new'!AO153,0) -> 0 | AP14: =IFERROR(국산거래표_원본!AO13/'A표_총거래표(생산자)_원본'!AO13*'A표_총거래표(생산자)_new'!AP153,0) -> 2.5854446 | AQ14: =IFERROR(국산거래표_원본!AP13/'A표_총거래표(생산자)_원본'!AP13*'A표_총거래표(생산자)_new'!AQ153,0) -> 0 | AR14: =IFERROR(국산거래표_원본!AQ13/'A표_총거래표(생산자)_원본'!AQ13*'A표_총거래표(생산자)_new'!AR153,0) -> 290.65283 | AS14: =SUM(AL14:AR14) -> 307.96922 | AT14: =AK14+AS14 -> 999.59822 | AU14: 1000 | AV14: =AU14-AT14 -> 0.40178448
A15: C06 | B15: 비금속광물제품 | C15: 36349 | D15: 8909 | E15: 866923 | F15: 29958 | G15: 57935 | H15: 128152 | I15: =국산거래표_원본!I14-국산거래표_new!J15 -> 1034798.7 | J15: =IFERROR(국산거래표_원본!I14/'A표_총거래표(생산자)_원본'!I14*'A표_총거래표(생산자)_new'!J154,0) -> 1.3292476 | K15: 6026519 | L15: 2828197 | M15: 509833 | N15: 1263686 | O15: 892908 | P15: 355287 | Q15: 1724611 | R15: 192607 | S15: 133976 | T15: -162362 | U15: 186331 | V15: 27727818 | W15: 107592 | X15: 75336 | Y15: 661954 | Z15: 13649 | AA15: 3732 | AB15: 84142 | AC15: 222048 | AD15: 226104 | AE15: 330613 | AF15: 141809 | AG15: 66266 | AH15: 141714 | AI15: 34688 | AJ15: 4568 | AK15: =SUM(C15:AJ15) -> 45956652 | AL15: -69359 | AM15: 0 | AN15: 0 | AO15: 0 | AP15: 158903 | AQ15: 0 | AR15: 4781328 | AS15: =SUM(AL15:AR15) -> 4870872 | AT15: =AK15+AS15 -> 50827524 | AU15: 50827524 | AV15: =AU15-AT15 -> 0
A16: C07 | B16: 1차 금속제품 | C16: 90703 | D16: 8189 | E16: 26239 | F16: -2016 | G16: 45297 | H16: 548043 | I16: =국산거래표_원본!I15-국산거래표_new!J16 -> 1432935.8 | J16: =IFERROR(국산거래표_원본!I15/'A표_총거래표(생산자)_원본'!I15*'A표_총거래표(생산자)_new'!J155,0) -> 1.2194873 | K16: 880571 | L16: 33775453 | M16: 21994525 | N16: 4000083 | O16: 13934318 | P16: 11988557 | Q16: 20302556 | R16: 1504746 | S16: 987215 | T16: 378889 | U16: 162585 | V16: 23535608 | W16: -724 | X16: 14347 | Y16: 27276 | Z16: -21236 | AA16: -69 | AB16: -536 | AC16: 379025 | AD16: 973 | AE16: 3089 | AF16: -19677 | AG16: 173780 | AH16: -4842 | AI16: -30110 | AJ16: 9136 | AK16: =SUM(C16:AJ16) -> 136124930 | AL16: -741899 | AM16: 0 | AN16: -3134918 | AO16: -83309 | AP16: 315441 | AQ16: 130731 | AR16: 59288136 | AS16: =SUM(AL16:AR16) -> 55774182 | AT16: =AK16+AS16 -> 191899112 | AU16: 191899112 | AV16: =AU16-AT16 -> 0
A17: C08 | B17: 금속가공제품 | C17: 76325 | D17: 112396 | E17: 2217143 | F17: 116512 | G17: 594802 | H17: 2872386 | I17: =국산거래표_원본!I16-국산거래표_new!J17 -> 2326401.9 | J17: =IFERROR(국산거래표_원본!I16/'A표_총거래표(생산자)_원본'!I16*'A표_총거래표(생산자)_new'!J156,0) -> 4.0740741 | K17: 586542 | L17: 1481015 | M17: 18262217 | N17: 2003649 | O17: 4926314 | P17: 18984223 | Q17: 17019521 | R17: 1327694 | S17: 1130999 | T17: 798877 | U17: 546209 | V17: 24860415 | W17: 1065414 | X17: 731302 | Y17: 1521590 | Z17: 248683 | AA17: 136263 | AB17: 198705 | AC17: 1106438 | AD17: 1089230 | AE17: 1582371 | AF17: 465853 | AG17: 353499 | AH17: 253202 | AI17: 928169 | AJ17: 15794 | AK17: =SUM(C17:AJ17) -> 109940158 | AL17: 934850 | AM17: 0 | AN17: 6305296 | AO17: 1591651 | AP17: 150298 | AQ17: 0 | AR17: 17376557 | AS17: =SUM(AL17:AR17) -> 26358652 | AT17: =AK17+AS17 -> 136298810 | AU17: 136298810 | AV17: =AU17-AT17 -> 0
A18: C09 | B18: 컴퓨터, 전자 및 광학기기 | C18: 180911 | D18: 13295 | E18: 178895 | F18: 40877 | G18: 222265 | H18: 811975 | I18: =국산거래표_원본!I17-국산거래표_new!J18 -> 622429.93 | J18: =IFERROR(국산거래표_원본!I17/'A표_총거래표(생산자)_원본'!I17*'A표_총거래표(생산자)_new'!J157,0) -> 1.0678953 | K18: 87363 | L18: 457287 | M18: 1098790 | N18: 45724364 | O18: 8383439 | P18: 6399034 | Q18: 6259350 | R18: 137883 | S18: 2199819 | T18: 1052620 | U18: 442428 | V18: 897027 | W18: 2969353 | X18: 690604 | Y18: 1505383 | Z18: 5684154 | AA18: 482548 | AB18: 606278 | AC18: 10579547 | AD18: 1523318 | AE18: 737465 | AF18: 1472022 | AG18: 1885952 | AH18: 498559 | AI18: 2190231 | AJ18: 51754 | AK18: =SUM(C18:AJ18) -> 106087221 | AL18: 9881605 | AM18: 0 | AN18: 11175254 | AO18: 1544810 | AP18: 370986 | AQ18: 0 | AR18: 190751858 | AS18: =SUM(AL18:AR18) -> 213724513 | AT18: =AK18+AS18 -> 319811734 | AU18: 319811734 | AV18: =AU18-AT18 -> 0
A19: C10 | B19: 전기장비 | C19: 126894 | D19: 94331 | E19: 133844 | F19: 64432 | G19: 205877 | H19: 468574 | I19: =국산거래표_원본!I18-국산거래표_new!J19 -> 472006.16 | J19: =IFERROR(국산거래표_원본!I18/'A표_총거래표(생산자)_원본'!I18*'A표_총거래표(생산자)_new'!J158,0) -> 0.83889525 | K19: 328846 | L19: 471847 | M19: 1306810 | N19: 4221884 | O19: 27157868 | P19: 6662401 | Q19: 19239436 | R19: 298727 | S19: 1877102 | T19: 1705618 | U19: 971834 | V19: 13810541 | W19: 1878632 | X19: 2847236 | Y19: 2514865 | Z19: 3111831 | AA19: 368380 | AB19: 846340 | AC19: 7997559 | AD19: 2423434 | AE19: 894011 | AF19: 777977 | AG19: 567661 | AH19: 450395 | AI19: 2598091 | AJ19: 11785 | AK19: =SUM(C19:AJ19) -> 106907070 | AL19: 7237201 | AM19: 0 | AN19: 11864629 | AO19: 215296 | AP19: -275785 | AQ19: 0 | AR19: 46805096 | AS19: =SUM(AL19:AR19) -> 65846437 | AT19: =AK19+AS19 -> 172753507 | AU19: 172753507 | AV19: =AU19-AT19 -> 0
A20: C11 | B20: 기계 및 장비 | C20: 119964 | D20: 117837 | E20: 334866 | F20: 19723 | G20: 88919 | H20: 1317287 | I20: =국산거래표_원본!I19-국산거래표_new!J20 -> 538166.75 | J20: =IFERROR(국산거래표_원본!I19/'A표_총거래표(생산자)_원본'!I19*'A표_총거래표(생산자)_new'!J159,0) -> 68.249542 | K20: 144064 | L20: 569309 | M20: 2060178 | N20: 1167153 | O20: 972387 | P20: 22182412 | Q20: 5969212 | R20: 51273 | S20: 979601 | T20: 859710 | U20: 1136465 | V20: 9600020 | W20: 542204 | X20: 548706 | Y20: 369172 | Z20: 111131 | AA20: 34598 | AB20: 332187 | AC20: 1080369 | AD20: 352393 | AE20: 461943 | AF20: 365514 | AG20: 237250 | AH20: 150326 | AI20: 117885 | AJ20: 6506 | AK20: =SUM(C20:AJ20) -> 52938799 | AL20: 1869663 | AM20: 0 | AN20: 58927322 | AO20: 870711 | AP20: 141332 | AQ20: 0 | AR20: 70735546 | AS20: =SUM(AL20:AR20) -> 132544574 | AT20: =AK20+AS20 -> 185483373 | AU20: 185483373 | AV20: =AU20-AT20 -> 0
A21: C12 | B21: 운송장비 | C21: 213847 | D21: 171711 | E21: 36186 | F21: 12701 | G21: 88374 | H21: 261261 | I21: =국산거래표_원본!I20-국산거래표_new!J21 -> 279294.48 | J21: =IFERROR(국산거래표_원본!I20/'A표_총거래표(생산자)_원본'!I20*'A표_총거래표(생산자)_new'!J160,0) -> 0.51896735 | K21: 197536 | L21: 166976 | M21: 258546 | N21: 9060 | O21: 56746 | P21: 607062 | Q21: 85941288 | R21: 18199 | S21: 3596007 | T21: 152955 | U21: 574827 | V21: 36994 | W21: 676094 | X21: 5802816 | Y21: 176677 | Z21: 148680 | AA21: 22514 | AB21: 43065 | AC21: 3443469 | AD21: 870272 | AE21: 3044780 | AF21: 164850 | AG21: 225145 | AH21: 107934 | AI21: 7383428 | AJ21: 7888 | AK21: =SUM(C21:AJ21) -> 114797183 | AL21: 27191743 | AM21: 0 | AN21: 27262017 | AO21: 7744150 | AP21: 2783078 | AQ21: 0 | AR21: 157357500 | AS21: =SUM(AL21:AR21) -> 222338488 | AT21: =AK21+AS21 -> 337135671 | AU21: 337135671 | AV21: =AU21-AT21 -> 0
A22: C13 | B22: 기타 제조업 제품 | C22: 12883 | D22: 4340 | E22: 261942 | F22: 84822 | G22: 46782 | H22: 19103 | I22: =국산거래표_원본!I21-국산거래표_new!J22 -> 46087.933 | J22: =IFERROR(국산거래표_원본!I21/'A표_총거래표(생산자)_원본'!I21*'A표_총거래표(생산자)_new'!J161,0) -> 0.066978567 | K22: 9357 | L22: 32048 | M22: 123981 | N22: 34360 | O22: 34542 | P22: 58462 | Q22: 16222 | R22: 706299 | S22: 182143 | T22: 14456 | U22: 181944 | V22: 2335576 | W22: 865732 | X22: 190609 | Y22: 2667750 | Z22: 438488 | AA22: 202496 | AB22: 982041 | AC22: 1903679 | AD22: 917460 | AE22: 580478 | AF22: 2190498 | AG22: 745185 | AH22: 981464 | AI22: 787810 | AJ22: 11875 | AK22: =SUM(C22:AJ22) -> 17670915 | AL22: 4280986 | AM22: 0 | AN22: 3116566 | AO22: 132525 | AP22: 72229 | AQ22: 675049 | AR22: 2994999 | AS22: =SUM(AL22:AR22) -> 11272354 | AT22: =AK22+AS22 -> 28943269 | AU22: 28943269 | AV22: =AU22-AT22 -> 0
A23: C14 | B23: 제조임가공 및 산업용 장비 수리 | C23: 242070 | D23: 152155 | E23: 5468124 | F23: 4548177 | G23: 1783760 | H23: 435565 | I23: =국산거래표_원본!I22-국산거래표_new!J23 -> 8923526.2 | J23: =IFERROR(국산거래표_원본!I22/'A표_총거래표(생산자)_원본'!I22*'A표_총거래표(생산자)_new'!J162,0) -> 16.796084 | K23: 1365058 | L23: 4087957 | M23: 5725936 | N23: 15515210 | O23: 4717672 | P23: 11881659 | Q23: 8294914 | R23: 1871498 | S23: 12334112 | T23: 411980 | U23: 403424 | V23: 190115 | W23: 524872 | X23: 87915 | Y23: 119377 | Z23: 257459 | AA23: 52047 | AB23: 76140 | AC23: 312264 | AD23: 1017368 | AE23: 230979 | AF23: 285366 | AG23: 1116365 | AH23: 128510 | AI23: 55174 | AJ23: 1492 | AK23: =SUM(C23:AJ23) -> 92618257 | AL23: 28773 | AM23: 0 | AN23: 0 | AO23: 0 | AP23: 0 | AQ23: 0 | AR23: 4155270 | AS23: =SUM(AL23:AR23) -> 4184043 | AT23: =AK23+AS23 -> 96802300 | AU23: 96802300 | AV23: =AU23-AT23 -> 0
A24: D | B24: 전력, 가스 및 증기 | C24: 1767890 | D24: 309519 | E24: 3418319 | F24: 1482483 | G24: 2587936 | H24: 4697485 | I24: =국산거래표_원본!I23-국산거래표_new!J24 -> 13643814 | J24: =IFERROR(국산거래표_원본!I23/'A표_총거래표(생산자)_원본'!I23*'A표_총거래표(생산자)_new'!J163,0) -> 199.99279 | K24: 2510456 | L24: 13713215 | M24: 1874656 | N24: 10769050 | O24: 1764943 | P24: 2141547 | Q24: 4949973 | R24: 197777 | S24: 810328 | T24: 25782760 | U24: 909490 | V24: 748789 | W24: 3749233 | X24: 3699416 | Y24: 1395457 | Z24: 1207123 | AA24: 1004496 | AB24: 2119621 | AC24: 6920859 | AD24: 477469 | AE24: 972317 | AF24: 3465832 | AG24: 1954483 | AH24: 920769 | AI24: 777356 | AJ24: 2523 | AK24: =SUM(C24:AJ24) -> 122747584 | AL24: 28767710 | AM24: 0 | AN24: 0 | AO24: 0 | AP24: 0 | AQ24: 0 | AR24: 163506 | AS24: =SUM(AL24:AR24) -> 28931216 | AT24: =AK24+AS24 -> 151678800 | AU24: 151678800 | AV24: =AU24-AT24 -> 0
A25: E | B25: 수도, 폐기물처리 및 재활용서비스 | C25: 88754 | D25: 14541 | E25: 824440 | F25: 385219 | G25: 574971 | H25: 129968 | I25: =국산거래표_원본!I24-국산거래표_new!J25 -> 4912926.1 | J25: =IFERROR(국산거래표_원본!I24/'A표_총거래표(생산자)_원본'!I24*'A표_총거래표(생산자)_new'!J164,0) -> 9.864931 | K25: 637377 | L25: 5185320 | M25: 902901 | N25: 234104 | O25: 280883 | P25: 741747 | Q25: 458995 | R25: 55026 | S25: 254955 | T25: 331275 | U25: 2230994 | V25: 340917 | W25: 163206 | X25: 461718 | Y25: 2857442 | Z25: 358863 | AA25: 300729 | AB25: 2562049 | AC25: 1004062 | AD25: 451563 | AE25: 1001929 | AF25: 1376636 | AG25: 1962096 | AH25: 419661 | AI25: 625464 | AJ25: 8234 | AK25: =SUM(C25:AJ25) -> 32138975 | AL25: 5580215 | AM25: 3376692 | AN25: 0 | AO25: 0 | AP25: 0 | AQ25: 0 | AR25: 703138 | AS25: =SUM(AL25:AR25) -> 9660045 | AT25: =AK25+AS25 -> 41799020 | AU25: 41799020 | AV25: =AU25-AT25 -> 0
A26: F | B26: 건설 | C26: 88514 | D26: 32490 | E26: 115964 | F26: 17981 | G26: 52301 | H26: 105287 | I26: =국산거래표_원본!I25-국산거래표_new!J26 -> 239145.52 | J26: =IFERROR(국산거래표_원본!I25/'A표_총거래표(생산자)_원본'!I25*'A표_총거래표(생산자)_new'!J165,0) -> 0.48130354 | K26: 35374 | L26: 173084 | M26: 142250 | N26: 79627 | O26: 106790 | P26: 86476 | Q26: 23168 | R26: 15431 | S26: 19997 | T26: 294042 | U26: 116218 | V26: 22772 | W26: 382154 | X26: 135823 | Y26: 862064 | Z26: 378330 | AA26: 59155 | AB26: 18831564 | AC26: 837373 | AD26: 366211 | AE26: 848928 | AF26: 169025 | AG26: 98138 | AH26: 151080 | AI26: 166440 | AJ26: 8090 | AK26: =SUM(C26:AJ26) -> 25061287 | AL26: 0 | AM26: 0 | AN26: 239341758 | AO26: 75543183 | AP26: 2120576 | AQ26: 0 | AR26: 171495 | AS26: =SUM(AL26:AR26) -> 317177012 | AT26: =AK26+AS26 -> 342238299 | AU26: 342238299 | AV26: =AU26-AT26 -> 0
... A40: T | B40: 기타 | C40: 269414 | D40: 15963 | E40: 83286 | F40: 18483 | G40: 75392 | H40: 137738 | I40: =국산거래표_원본!I39-국산거래표_new!J40 -> 792650.4 | J40: =IFERROR(국산거래표_원본!I39/'A표_총거래표(생산자)_원본'!I39*'A표_총거래표(생산자)_new'!J179,0) -> 1.5952925 | K40: 23147 | L40: 42575 | M40: 131618 | N40: 63701 | O40: 54728 | P40: 91336 | Q40: 23958 | R40: 18948 | S40: 433554 | T40: 142445 | U40: 40948 | V40: 32265 | W40: 492128 | X40: 55217 | Y40: 250478 | Z40: 428335 | AA40: 58639 | AB40: 537173 | AC40: 239556 | AD40: 179839 | AE40: 45902 | AF40: 36693 | AG40: 373801 | AH40: 101652 | AI40: 54194 | AJ40: 109679 | AK40: =SUM(C40:AJ40) -> 5455437 | AL40: -435478 | AM40: 0 | AN40: 0 | AO40: 0 | AP40: 0 | AQ40: 0 | AR40: 0 | AS40: =SUM(AL40:AR40) -> -435478 | AT40: =AK40+AS40 -> 5019959 | AU40: 5019959 | AV40: =AU40-AT40 -> 0
A41: 9590 | B41: 중간투입계 | C41: =SUM(C7:C40) -> 36629418 | D41: =SUM(D7:D40) -> 3132309 | E41: =SUM(E7:E40) -> 113343360 | F41: =SUM(F7:F40) -> 35375741 | G41: =SUM(G7:G40) -> 33457207 | H41: =SUM(H7:H40) -> 29230925 | I41: =SUM(I7:I40) -> 1.880858e+08 | J41: =SUM(J7:J40) -> 738.64133 | ... AJ41: =SUM(AJ7:AJ40) -> 5013554 | AK41: =SUM(C41:AJ41) -> 2.6192156e+09 | AL41: =SUM(AL7:AL40) -> 1065594685 | AM41: =SUM(AM7:AM40) -> 428148599 | AN41: =SUM(AN7:AN40) -> 562479286 | AO41: =SUM(AO7:AO40) -> 105301054 | AP41: =SUM(AP7:AP40) -> 8131541 | AQ41: =SUM(AQ7:AQ40) -> 1393986 | AR41: =SUM(AR7:AR40) -> 996429977 | AS41: =SUM(AS7:AS40) -> 3167479128 | AT41: =SUM(AT7:AT40) -> 5.7866947e+09

Sheet T_mat_GHG_new
A5: 상품 상품 | C5: A | D5: B | E5: C01 | F5: C02 | G5: C03 | H5: C04 | I5: C05 | K5: C06 | L5: C07 | M5: C08 | N5: C09 | O5: C10 | P5: C11 | Q5: C12 | R5: C13 | S5: C14 | T5: D | U5: E | V5: F | W5: G | X5: H | Y5: I | Z5: J | AA5: K | AB5: L | AC5: M | AD5: N | AE5: O | AF5: P | AG5: Q | AH5: R | AI5: S | AJ5: T | AK5: 9090 | AL5: 9111 | AM5: 9112 | AN5: 9121 | AO5: 9122 | AP5: 9131 | AQ5: 9132 | AR5: 9140 | AS5: 9190 | AT5: 9290
C6: 농림수산품 | D6: 광산품 | E6: 음식료품 | F6: 섬유 및 가죽제품 | G6: 목재 및 종이, 인쇄 | H6: 석탄 및 석유제품 | I6: 화학제품 | J6: 분석업체 | K6: 비금속광물제품 | L6: 1차 금속제품 | M6: 금속가공제품 | N6: 컴퓨터, 전자 및 광학기기 | O6: 전기장비 | P6: 기계 및 장비 | Q6: 운송장비 | R6: 기타 제조업 제품 | S6: 제조임가공 및 산업용 장비 수리 | T6: 전력, 가스 및 증기 | U6: 수도, 폐기물처리 및 재활용서비스 | V6: 건설 | W6: 도소매 및 상품중개서비스 | X6: 운송서비스 | Y6: 음식점 및 숙박서비스 | Z6: 정보통신 및 방송 서비스 | AA6: 금융 및 보험 서비스 | AB6: 부동산서비스 | AC6: 전문, 과학 및 기술 서비스 | AD6: 사업지원서비스 | AE6: 공공행정, 국방 및 사회보장 | AF6: 교육서비스 | AG6: 보건 및 사회복지 서비스 | AH6: 예술, 스포츠 및 여가 관련 서비스 | AI6: 기타 서비스 | AJ6: 기타 | AK6: 중간수요계 | AL6: 민간소비지출 (가계 및 가계봉사 비영리단체) | AM6: 정부소비지출 | AN6: 민간고정 자본형성 | AO6: 정부고정 자본형성 | AP6: 재고증감 | AQ6: 귀중품 순취득 | AR6: 수출 | AS6: 최종수요계 | AT6: 총수요계
A7: A | B7: 농림수산품 | C7: 4256311 | D7: 3473 | E7: 44787107 | F7: 264444 | G7: 661849 | H7: 4203 | I7: 1326557.9 | J7: 1.1183281 | K7: 3614 | L7: 6461 | M7: 7383 | N7: 7338 | O7: 2082 | P7: 6967 | Q7: 2432 | R7: 14838 | S7: 542287 | T7: 3751 | U7: 12739 | V7: 403188 | W7: 103863 | X7: 13100 | Y7: 13418941 | Z7: 14422 | AA7: 11833 | AB7: 7087 | AC7: 72958 | AD7: 20574 | AE7: 333297 | AF7: 716622 | AG7: 904970 | AH7: 72052 | AI7: 72609 | AJ7: 3405 | AK7: 68082759 | AL7: 20977330 | AM7: 0 | AN7: 1005548 | AO7: 708 | AP7: -196797 | AQ7: 0 | AR7: 1148216 | AS7: 22935005 | AT7: 91017764
A8: B | B8: 광산품 | C8: 2055 | D8: 2999 | E8: 48702 | F8: 3592 | G8: 35023 | H8: 108067377 | I8: 8679206.2 | J8: 0.75110885 | K8: 5208178 | L8: 33232955 | M8: 40482 | N8: 37583 | O8: 8789 | P8: 16354 | Q8: 5802 | R8: 3785 | S8: 76904 | T8: 68593275 | U8: 53587 | V8: 278992 | W8: 0 | X8: 0 | Y8: 15310 | Z8: 0 | AA8: 0 | AB8: 141 | AC8: 17244 | AD8: 13414 | AE8: 16766 | AF8: 1073 | AG8: 16722 | AH8: 2420 | AI8: 2421 | AJ8: 34 | AK8: 224481186 | AL8: 20312 | AM8: 0 | AN8: 0 | AO8: 0 | AP8: -1208060 | AQ8: 0 | AR8: 164539 | AS8: -1023209 | AT8: 223457977
A9: C01 | B9: 음식료품 | C9: 13490896 | D9: 16188 | E9: 37267582 | F9: 1267831 | G9: 87762 | H9: 29747 | I9: 1948951.3 | J9: 2.7143773 | K9: 32354 | L9: 78230 | M9: 106035 | N9: 28458 | O9: 23722 | P9: 80841 | Q9: -15144 | R9: 10976 | S9: 642150 | T9: 1667262 | U9: 75594 | V9: 29879 | W9: 2137267 | X9: 237559 | Y9: 62634265 | Z9: 321736 | AA9: 166231 | AB9: 20690 | AC9: 1680284 | AD9: 730059 | AE9: 1178818 | AF9: 3190985 | AG9: 3326884 | AH9: 2766615 | AI9: 1099495 | AJ9: 54767 | AK9: 136414972 | AL9: 79996863 | AM9: 0 | AN9: 0 | AO9: 0 | AP9: -312055 | AQ9: 0 | AR9: 13216832 | AS9: 92901640 | AT9: 229316612
A10: C02 | B10: 섬유 및 가죽제품 | C10: 690669 | D10: 18761 | E10: 152583 | F10: 21941986 | G10: 610886 | H10: 100196 | I10: 1674117.8 | J10: 2.1538698 | K10: 167311 | L10: 181532 | M10: 398657 | N10: 396591 | O10: 175855 | P10: 148702 | Q10: 1234584 | R10: 1704538 | S10: 2681541 | T10: 46471 | U10: 260471 | V10: 183767 | W10: 1793848 | X10: 1945331 | Y10: 1580633 | Z10: 250655 | AA10: 107312 | AB10: 175614 | AC10: 554339 | AD10: 1178436 | AE10: 689348 | AF10: 212655 | AG10: 919104 | AH10: 556457 | AI10: 863694 | AJ10: 17447 | AK10: 43614094 | AL10: 44692848 | AM10: 0 | AN10: 99316 | AO10: 49995 | AP10: 238347 | AQ10: 0 | AR10: 20177963 | AS10: 65258469 | AT10: 108872563
A11: C03 | B11: 목재 및 종이, 인쇄 | C11: 866017 | D11: 11121 | E11: 3715108 | F11: 415547 | G11: 17244503 | H11: 134210 | I11: 1997371.3 | J11: 3.7329166 | K11: 426375 | L11: 243459 | M11: 1061021 | N11: 295987 | O11: 571350 | P11: 353312 | Q11: 120280 | R11: 1901882 | S11: 408384 | T11: 792752 | U11: -6870 | V11: 6049727 | W11: 4278205 | X11: 1476571 | Y11: 2137353 | Z11: 2006707 | AA11: 1592341 | AB11: 227894 | AC11: 5069685 | AD11: 631911 | AE11: 913133 | AF11: 960333 | AG11: 1291250 | AH11: 308585 | AI11: 831503 | AJ11: 9881 | AK11: 58336892 | AL11: 1990283 | AM11: 0 | AN11: 0 | AO11: 0 | AP11: 247498 | AQ11: 0 | AR11: 4630328 | AS11: 6868109 | AT11: 65205001
A12: C04 | B12: 석탄 및 석유제품 | C12: 1553720 | D12: 127562 | E12: 368746 | F12: 182073 | G12: 306192 | H12: 8485744 | I12: 43895210 | J12: 37.330361 | K12: 2409467 | L12: 721361 | M12: 527953 | N12: 108255 | O12: 512348 | P12: 337756 | Q12: 472866 | R12: 45874 | S12: 1013019 | T12: 4111860 | U12: 690962 | V12: 4687554 | W12: 9503880 | X12: 24628899 | Y12: 3477744 | Z12: 404311 | AA12: 146259 | AB12: 918026 | AC12: 4380042 | AD12: 918546 | AE12: 3355174 | AF12: 2599025 | AG12: 1564184 | AH12: 353775 | AI12: 1093548 | AJ12: 22523 | AK12: 123924495 | AL12: 20010215 | AM12: 0 | AN12: 0 | AO12: 0 | AP12: 685143 | AQ12: 0 | AR12: 77066088 | AS12: 97761446 | AT12: 221685941
A13: C05 | B13: 화학제품 | C13: 5335745 | D13: 219297.55 | E13: 4720436.2 | F13: 6819714.9 | G13: 3803162.1 | H13: 3537787.7 | I13: 1.2936242e+08 | J13: 151.83673 | K13: 2543479.7 | L13: 3102888.6 | M13: 9009071.4 | N13: 20188539 | O13: 17404814 | P13: 5570478.5 | Q13: 21793896 | R13: 2998174.8 | S13: 1983056.9 | T13: 2417166 | U13: 2164828.5 | V13: 12222183 | W13: 5288968.1 | X13: 1560670.8 | Y13: 4858334.9 | Z13: 812352.32 | AA13: 121601.75 | AB13: 277567.43 | AC13: 10278185 | AD13: 3992179.7 | AE13: 1614771.7 | AF13: 1270283.4 | AG13: 32946363 | AH13: 758168.43 | AI13: 3728698.3 | AJ13: 31955.934 | AK13: 3.2273739e+08 | AL13: 16391826 | AM13: 0 | AN13: 0 | AO13: 0 | AP13: 2035866.8 | AQ13: 0 | AR13: 1.4193689e+08 | AS13: 1.6036459e+08 | AT13: 4.8310198e+08
B14: 분석업체 | C14: 11.044759 | D14: 0.45393635 | E14: 9.7710969 | F14: 14.116512 | G14: 7.8723796 | H14: 7.323066 | I14: 267.77456 | J14: 0.0003142954 | K14: 5.264892 | L14: 6.4228439 | M14: 18.648384 | N14: 41.789395 | O14: 36.027205 | P14: 11.530647 | Q14: 45.112413 | R14: 6.2060909 | S14: 4.1048412 | T14: 5.0034281 | U14: 4.4811005 | V14: 25.299385 | W14: 10.947933 | X14: 3.2305204 | Y14: 10.056541 | Z14: 1.6815338 | AA14: 0.25171031 | AB14: 0.57455245 | AC14: 21.275394 | AD14: 8.2636378 | AE14: 3.3425068 | AF14: 2.6294311 | AG14: 68.197533 | AH14: 1.5693756 | AI14: 7.7182427 | AJ14: 0.066147388 | AK14: 668.05231 | AL14: 33.930364 | AM14: 0 | AN14: 0 | AO14: 0 | AP14: 4.2141554 | AQ14: 0 | AR14: 293.80317 | AS14: 331.94769 | AT14: 1000
A15: C06 | B15: 비금속광물제품 | C15: 36617 | D15: 8918 | E15: 905256 | F15: 41584 | G15: 59557 | H15: 153911 | I15: 1621302.9 | J15: 2.0826398 | K15: 7622593 | L15: 3265699 | M15: 612991 | N15: 1987167 | O15: 1806637 | P15: 511290 | Q15: 2300485 | R15: 257029 | S15: 203556 | T15: -152005 | U15: 187593 | V15: 29763706 | W15: 119481 | X15: 76745 | Y15: 742147 | Z15: 13661 | AA15: 3896 | AB15: 84202 | AC15: 340999 | AD15: 226159 | AE15: 331107 | AF15: 142765 | AG15: 71373 | AH15: 141732 | AI15: 56146 | AJ15: 4568 | AK15: 53548870 | AL15: 181273 | AM15: 0 | AN15: 0 | AO15: 0 | AP15: 187387 | AQ15: 0 | AR15: 4781328 | AS15: 5149988 | AT15: 58698858
A16: C07 | B16: 1차 금속제품 | C16: 91111 | D16: 8196 | E16: 26239 | F16: 2697 | G16: 45720 | H16: 562107 | I16: 3388709.1 | J16: 2.8839309 | K16: 903550 | L16: 62564642 | M16: 26175296 | N16: 6708120 | O16: 18310513 | P16: 13493061 | Q16: 26369922 | R16: 1765850 | S16: 1069388 | T16: 413958 | U16: 170727 | V16: 25701309 | W16: -713 | X16: 132195 | Y16: 27276 | Z16: -21236 | AA16: -69 | AB16: -534 | AC16: 435186 | AD16: 1189 | AE16: 3109 | AF16: -19677 | AG16: 366089 | AH16: -4842 | AI16: -29801 | AJ16: 9136 | AK16: 188668426 | AL16: -731720 | AM16: 0 | AN16: -3134918 | AO16: -83309 | AP16: 118320 | AQ16: 163833 | AR16: 59288136 | AS16: 55620342 | AT16: 244288768
A17: C08 | B17: 금속가공제품 | C17: 77940 | D17: 117861 | E17: 2371080 | F17: 248175 | G17: 609407 | H17: 2900135 | I17: 2673616.3 | J17: 4.6821278 | K17: 667203 | L17: 1573739 | M17: 20929812 | N17: 2705363 | O17: 5224767 | P17: 19768968 | Q17: 18833190 | R17: 1490999 | S17: 1288202 | T17: 869133 | U17: 548021 | V17: 25476298 | W17: 1147254 | X17: 1077767 | Y17: 1741987 | Z17: 251710 | AA17: 141513 | AB17: 200822 | AC17: 1247365 | AD17: 1101443 | AE17: 1742143 | AF17: 474147 | AG17: 355816 | AH17: 255624 | AI17: 953188 | AJ17: 15794 | AK17: 119080487 | AL17: 1887217 | AM17: 0 | AN17: 6527800 | AO17: 2370938 | AP17: 174696 | AQ17: 0 | AR17: 17376557 | AS17: 28337208 | AT17: 147417695
A18: C09 | B18: 컴퓨터, 전자 및 광학기기 | C18: 181673 | D18: 13321 | E18: 179518 | F18: 41611 | G18: 229681 | H18: 822010 | I18: 730147.75 | J18: 1.2527055 | K18: 94215 | L18: 473834 | M18: 1129751 | N18: 111091806 | O18: 14357957 | P18: 8884238 | Q18: 11446256 | R18: 150345 | S18: 2381775 | T18: 1173725 | U18: 449580 | V18: 1185699 | W18: 3095517 | X18: 872734 | Y18: 1525087 | Z18: 10007238 | AA18: 604376 | AB18: 631498 | AC18: 13688295 | AD18: 1617811 | AE18: 1101557 | AF18: 1963339 | AG18: 4361931 | AH18: 523425 | AI18: 2615814 | AJ18: 51754 | AK18: 197677520 | AL18: 25091325 | AM18: 0 | AN18: 30155221 | AO18: 4162495 | AP18: 486519 | AQ18: 0 | AR18: 191050500 | AS18: 250946060 | AT18: 448623580
A19: C10 | B19: 전기장비 | C19: 127130 | D19: 94350 | E19: 134004 | F19: 66778 | G19: 206216 | H19: 469945 | I19: 534498.05 | J19: 0.94996191 | K19: 332306 | L19: 548446 | M19: 1395586 | N19: 8141816 | O19: 43904389 | P19: 8454471 | Q19: 25867522 | R19: 311865 | S19: 2037205 | T19: 2146060 | U19: 972943 | V19: 15485158 | W19: 1888909 | X19: 3253534 | Y19: 2548408 | Z19: 3173256 | AA19: 368769 | AB19: 850238 | AC19: 8335414 | AD19: 2483438 | AE19: 982153 | AF19: 785992 | AG19: 597813 | AH19: 457683 | AI19: 3195593 | AJ19: 11785 | AK19: 140163674 | AL19: 11254160 | AM19: 0 | AN19: 15865555 | AO19: 302355 | AP19: -360625 | AQ19: 0 | AR19: 46805116 | AS19: 73866561 | AT19: 214030235
A20: C11 | B20: 기계 및 장비 | C20: 129919 | D20: 120796 | E20: 347920 | F20: 31863 | G20: 94508 | H20: 1382092 | I20: 788528 | J20: 100 | K20: 155078 | L20: 734140 | M20: 2600060 | N20: 1519513 | O20: 1498282 | P20: 39011415 | Q20: 9746821 | R20: 56187 | S20: 1472837 | T20: 1127344 | U20: 1179355 | V20: 11223089 | W20: 650365 | X20: 989282 | Y20: 370234 | Z20: 128658 | AA20: 50603 | AB20: 337724 | AC20: 1323848 | AD20: 383679 | AE20: 539228 | AF20: 368941 | AG20: 247391 | AH20: 151440 | AI20: 135707 | AJ20: 6506 | AK20: 78903453 | AL20: 2796216 | AM20: 0 | AN20: 90764774 | AO20: 1006484 | AP20: 229139 | AQ20: 0 | AR20: 70735546 | AS20: 165532159 | AT20: 244435612
A21: C12 | B21: 운송장비 | C21: 214292 | D21: 171746 | E21: 36186 | F21: 13210 | G21: 88391 | H21: 261289 | I21: 302512.44 | J21: 0.56210949 | K21: 199501 | L21: 171865 | M21: 276460 | N21: 16439 | O21: 89307 | P21: 701786 | Q21: 96037051 | R21: 18832 | S21: 3598588 | T21: 153854 | U21: 575492 | V21: 37247 | W21: 681877 | X21: 10079696 | Y21: 179329 | Z21: 151437 | AA21: 22514 | AB21: 43088 | AC21: 3650026 | AD21: 876040 | AE21: 3578727 | AF21: 166906 | AG21: 225780 | AH21: 108240 | AI21: 7993657 | AJ21: 7888 | AK21: 130729254 | AL21: 40901705 | AM21: 0 | AN21: 42292727 | AO21: 13019884 | AP21: 3133154 | AQ21: 0 | AR21: 157357500 | AS21: 256704970 | AT21: 387434224
A22: C13 | B22: 기타 제조업 제품 | C22: 13043 | D22: 4348 | E22: 265784 | F22: 400619 | G22: 49555 | H22: 19543 | I22: 63825.907 | J22: 0.09275677 | K22: 9664 | L22: 32816 | M22: 127540 | N22: 53518 | O22: 39413 | P22: 60546 | Q22: 58127 | R22: 1765026 | S22: 211009 | T22: 19253 | U22: 201605 | V22: 2450611 | W22: 958311 | X22: 218259 | Y22: 2773762 | Z22: 459712 | AA22: 238915 | AB22: 984873 | AC22: 1963776 | AD22: 962940 | AE22: 659646 | AF22: 2473529 | AG22: 820745 | AH22: 1323183 | AI22: 807734 | AJ22: 11875 | AK22: 20503106 | AL22: 10947329 | AM22: 0 | AN22: 4161544 | AO22: 210426 | AP22: 166929 | AQ22: 1489650 | AR22: 3980497 | AS22: 20956375 | AT22: 41459481
A23: C14 | B23: 제조임가공 및 산업용 장비 수리 | C23: 242070 | D23: 152155 | E23: 5486522 | F23: 9985095 | G23: 1801603 | H23: 435565 | I23: 9541651 | J23: 17.959534 | K23: 1369996 | L23: 4224299 | M23: 5725936 | N23: 18958535 | O23: 6950897 | P23: 12079284 | Q23: 8404373 | R23: 2035952 | S23: 12334112 | T23: 411980 | U23: 403424 | V23: 190115 | W23: 524872 | X23: 87915 | Y23: 119377 | Z23: 257520 | AA23: 52047 | AB23: 76140 | AC23: 312264 | AD23: 1017368 | AE23: 230996 | AF23: 285366 | AG23: 1116365 | AH23: 128510 | AI23: 55174 | AJ23: 1492 | AK23: 104998988 | AL23: 28837 | AM23: 0 | AN23: 0 | AO23: 0 | AP23: 0 | AQ23: 0 | AR23: 4155270 | AS23: 4184107 | AT23: 109183095
A24: D | B24: 전력, 가스 및 증기 | C24: 1767890 | D24: 309520 | E24: 3418331 | F24: 1482512 | G24: 2587944 | H24: 4698075 | I24: 13644306 | J24: 200 | K24: 2510460 | L24: 13713403 | M24: 1874689 | N24: 10769625 | O24: 1765024 | P24: 2141590 | Q24: 4950664 | R24: 197778 | S24: 810329 | T24: 25782761 | U24: 909490 | V24: 748789 | W24: 3749316 | X24: 3699428 | Y24: 1395483 | Z24: 1207141 | AA24: 1004513 | AB24: 2119641 | AC24: 6920949 | AD24: 477521 | AE24: 1132201 | AF24: 3465835 | AG24: 1954483 | AH24: 920786 | AI24: 777356 | AJ24: 2523 | AK24: 122910556 | AL24: 28833591 | AM24: 0 | AN24: 0 | AO24: 0 | AP24: 0 | AQ24: 0 | AR24: 163506 | AS24: 28997097 | AT24: 151907653
A25: E | B25: 수도, 폐기물처리 및 재활용서비스 | C25: 89368 | D25: 14541 | E25: 826779 | F25: 386115 | G25: 575476 | H25: 130595 | I25: 4924306.1 | J25: 9.8877815 | K25: 637797 | L25: 5187656 | M25: 905612 | N25: 235320 | O25: 281475 | P25: 742523 | Q25: 461476 | R25: 55082 | S25: 255182 | T25: 332905 | U25: 2236474 | V25: 341237 | W25: 165479 | X25: 464005 | Y25: 2878054 | Z25: 361325 | AA25: 303706 | AB25: 2573899 | AC25: 1005874 | AD25: 452566 | AE25: 1046785 | AF25: 1383081 | AG25: 1977621 | AH25: 421875 | AI25: 627650 | AJ25: 8234 | AK25: 32290083 | AL25: 5621462 | AM25: 3376692 | AN25: 0 | AO25: 0 | AP25: 0 | AQ25: 0 | AR25: 703138 | AS25: 9701292 | AT25: 41991375
A26: F | B26: 건설 | C26: 88514 | D26: 32490 | E26: 115964 | F26: 17981 | G26: 52301 | H26: 105287 | I26: 239146.52 | J26: 0.48130556 | K26: 35374 | L26: 173084 | M26: 142250 | N26: 79641 | O26: 106790 | P26: 86476 | Q26: 23178 | R26: 15431 | S26: 19997 | T26: 294042 | U26: 116218 | V26: 22772 | W26: 382154 | X26: 135823 | Y26: 862064 | Z26: 378330 | AA26: 59155 | AB26: 18831564 | AC26: 837373 | AD26: 366211 | AE26: 850453 | AF26: 169025 | AG26: 98138 | AH26: 151080 | AI26: 166440 | AJ26: 8090 | AK26: 25062837 | AL26: 0 | AM26: 0 | AN26: 239341758 | AO26: 75543183 | AP26: 2120576 | AQ26: 0 | AR26: 171495 | AS26: 317177012 | AT26: 342239849
... A41: 9590 | B41: 중간투입계 | C41: 39166528 | D41: 3169491 | E41: 139457033 | F41: 57298913 | G41: 39700938 | H41: 143573392 | I41: 285565161 | J41: 650 | K41: 37404675 | L41: 154477519 | M41: 92011168 | N41: 221737214 | O41: 135088695 | P41: 138660261 | Q41: 269883451 | R41: 21105797 | S41: 51124252 | T41: 120649253 | U41: 23032194 | V41: 199251516 | W41: 184102011 | X41: 125178243 | Y41: 150662761 | Z41: 104063290 | AA41: 86678547 | AB41: 81055631 | AC41: 170997641 | AD41: 56091961 | AE41: 52243921 | AF41: 51016928 | AG41: 90583511 | AH41: 28521048 | AI41: 44847605 | AJ41: 5019959 | AK41: 3403421158 | AL41: 1203106723 | AM41: 428148599 | AN41: 642719412 | AO41: 114740934 | AP41: 8456630 | AQ41: 2242835 | AR41: 999815735 | AS41: 3399230868 | AT41: 6802652026
A42: 9610 | B42: 피용자보수 | C42: 7311007 | D42: 763130 | E42: 15128140 | F42: 6942083 | G42: 7714470 | H42: 1849380 | I42: 33024739 | J42: 200 | K42: 5591739 | L42: 12874780 | M42: 22094377 | N42: 38330264 | O42: 18684449 | P42: 28417504 | Q42: 24629085 | R42: 4430442 | S42: 30392667 | T42: 7229124 | U42: 9301644 | V42: 108270135 | W42: 105848898 | X42: 45972783 | Y42: 37217436 | Z42: 48448668 | AA42: 52077047 | AB42: 23572589 | AC42: 119508944 | AD42: 53019085 | AE42: 89879718 | AF42: 84723533 | AG42: 91542475 | AH42: 14325783 | AI42: 21260262 | AJ42: 0 | AK42: 1170376580
A43: 9621 | B43: 영업잉여 | C43: 20790625 | D43: 907945 | E43: 6246706 | F43: 1230526 | G43: 5894202 | H43: 10160438 | I43: 26725352 | J43: 100 | K43: 2061144 | L43: 12662963 | M43: 15468441 | N43: -2691522 | O43: 509104 | P43: 5170759 | Q43: 8332412 | R43: 1502834 | S43: 4585557 | T43: -117531 | U43: 4067693 | V43: 6664903 | W43: 71028220 | X43: 16697450 | Y43: 17852378 | Z43: 24101295 | AA43: 68918948 | AB43: 64506524 | AC43: 32838525 | AD43: 24595921 | AE43: 0 | AF43: 5753379 | AG43: 22888082 | AH43: 8967271 | AI43: 7606932 | AJ43: 0 | AK43: 495927576
A44: 9622 | B44: 고정자본소모 | C44: 6826925 | D44: 492826 | E44: 7184340 | F44: 2607552 | G44: 1594645 | H44: 3179003 | I44: 26775668 | J44: 50 | K44: 4858806 | L44: 10685788 | M44: 5299685 | N44: 59980214 | O44: 16524948 | P44: 11389415 | Q44: 27105345 | R44: 906543 | S44: 10150938 | T44: 20286757 | U44: 5288608 | V44: 6766250 | W44: 18105570 | X44: 36332814 | Y44: 5371797 | Z44: 35261097 | AA44: 12984833 | AB44: 69279349 | AC44: 28647148 | AD44: 7189528 | AE44: 60428502 | AF44: 12635621 | AG44: 13918268 | AH44: 6439170 | AI44: 4683288 | AJ44: 0 | AK44: 539181291
A45: 9630 | B45: 생산세(보조금공제) | C45: -27016 | D45: -6795 | E45: 14378726 | F45: 2081072 | G45: 1110431 | H45: 17800753 | I45: 4534298 | J45: 0 | K45: 911160 | L45: 1198062 | M45: 1425139 | N45: 2455564 | O45: 1946311 | P45: 1845434 | Q45: 7185378 | R45: 997653 | S45: 548886 | T45: 3631197 | U45: 108881 | V45: 21285495 | W45: 17403973 | X45: -2966019 | Y45: 12631432 | Z45: 6428467 | AA45: 10283809 | AB45: 33396994 | AC45: 3703102 | AD45: 3414461 | AE45: 3508 | AF45: 209536 | AG45: 218867 | AH45: 6447347 | AI45: 3202028 | AJ45: 0 | AK45: 177788134
A46: 9690 | B46: 부가가치계 | C46: 34901541 | D46: 2157106 | E46: 42937912 | F46: 12861233 | G46: 16313748 | H46: 32989574 | I46: 91060057 | J46: 350 | K46: 13422849 | L46: 37421593 | M46: 44287642 | N46: 98074520 | O46: 37664812 | P46: 46823112 | Q46: 67252220 | R46: 7837472 | S46: 45678048 | T46: 31029547 | U46: 18766826 | V46: 142986783 | W46: 212386661 | X46: 96037028 | Y46: 73073043 | Z46: 114239527 | AA46: 144264637 | AB46: 190755456 | AC46: 184697719 | AD46: 88218995 | AE46: 150311728 | AF46: 103322069 | AG46: 128567692 | AH46: 36179571 | AI46: 36752510 | AJ46: 0 | AK46: 2383273581
A47: 9790 | B47: 총투입계 | C47: 74068069 | D47: 5326597 | E47: 182394945 | F47: 70160146 | G47: 56014686 | H47: 176562966 | I47: 376625218 | J47: 1000 | K47: 50827524 | L47: 191899112 | M47: 136298810 | N47: 319811734 | O47: 172753507 | P47: 185483373 | Q47: 337135671 | R47: 28943269 | S47: 96802300 | T47: 151678800 | U47: 41799020 | V47: 342238299 | W47: 396488672 | X47: 221215271 | Y47: 223735804 | Z47: 218302817 | AA47: 230943184 | AB47: 271811087 | AC47: 355695360 | AD47: 144310956 | AE47: 202555649 | AF47: 154338997 | AG47: 219151203 | AH47: 64700619 | AI47: 81600115 | AJ47: 5019959 | AK47: 5786694739
A48: GHG | B48: 탄소배출량(tco2eq.) | C48: 26208380 | D48: 2042881.6 | E48: 2065050 | F48: 4524770 | G48: 2843750 | H48: 36281630 | I48: 84687500 | J48: =I48/I47*cases2!B6 -> 224.85881 | K48: 35157346 | L48: 1.0253767e+08 | M48: 368275.38 | N48: 3829180 | O48: 123929.89 | P48: 6926970 | Q48: 2362190 | R48: 3595100.8 | S48: 1648578 | T48: 2.2933202e+08 | U48: 18172000 | V48: 1813020 | W48: 1433144.7 | X48: 1.0115978e+08 | Y48: 2253065 | Z48: 101446.17 | AA48: 132046.07 | AB48: 236199.08 | AC48: 1892727 | AD48: 157565.49 | AE48: 6015859.9 | AF48: 2189527.8 | AG48: 1803187.2 | AH48: 373361.74 | AI48: 422069.89 | AJ48: 0 | AK48: =SUM(C48:AJ48) -> 6.8269045e+08

Sheet T_mat_GHG
A5: 상품 상품 | C5: A | D5: B | E5: C01 | F5: C02 | G5: C03 | H5: C04 | I5: C05 | K5: C06 | L5: C07 | M5: C08 | N5: C09 | O5: C10 | P5: C11 | Q5: C12 | R5: C13 | S5: C14 | T5: D | U5: E | V5: F | W5: G | X5: H | Y5: I | Z5: J | AA5: K | AB5: L | AC5: M | AD5: N | AE5: O | AF5: P | AG5: Q | AH5: R | AI5: S | AJ5: T | AK5: 9090 | AL5: 9111 | AM5: 9112 | AN5: 9121 | AO5: 9122 | AP5: 9131 | AQ5: 9132 | AR5: 9140 | AS5: 9190 | AT5: 9290 | AU5: 9310 | AV5: 9321 | AW5: 9322 | AX5: 9329 | AY5: 9331 | AZ5: 9332 | BA5: 9390
C6: 농림수산품 | D6: 광산품 | E6: 음식료품 | F6: 섬유 및 가죽제품 | G6: 목재 및 종이, 인쇄 | H6: 석탄 및 석유제품 | I6: 화학제품 | J6: 분석업체 | K6: 비금속광물제품 | L6: 1차 금속제품 | M6: 금속가공제품 | N6: 컴퓨터, 전자 및 광학기기 | O6: 전기장비 | P6: 기계 및 장비 | Q6: 운송장비 | R6: 기타 제조업 제품 | S6: 제조임가공 및 산업용 장비 수리 | T6: 전력, 가스 및 증기 | U6: 수도, 폐기물처리 및 재활용서비스 | V6: 건설 | W6: 도소매 및 상품중개서비스 | X6: 운송서비스 | Y6: 음식점 및 숙박서비스 | Z6: 정보통신 및 방송 서비스 | AA6: 금융 및 보험 서비스 | AB6: 부동산서비스 | AC6: 전문, 과학 및 기술 서비스 | AD6: 사업지원서비스 | AE6: 공공행정, 국방 및 사회보장 | AF6: 교육서비스 | AG6: 보건 및 사회복지 서비스 | AH6: 예술, 스포츠 및 여가 관련 서비스 | AI6: 기타 서비스 | AJ6: 기타 | AK6: 중간수요계 | AL6: 민간소비지출 (가계 및 가계봉사 비영리단체) | AM6: 정부소비지출 | AN6: 민간고정 자본형성 | AO6: 정부고정 자본형성 | AP6: 재고증감 | AQ6: 귀중품 순취득 | AR6: 수출 | AS6: 최종수요계 | AT6: 총수요계 | AU6: 총산출 | AV6: 수입 | AW6: 생산물세(수입) | AX6: 수입계 | AY6: 도소매마진 | AZ6: 화물운임 | BA6: 총공급계
A7: A | B7: 농림수산품 | C7: 4256311 | D7: 3473 | E7: 44787107 | F7: 264444 | G7: 661849 | H7: 4203 | I7: 1326557.9 | J7: 1.1183281 | K7: 3614 | L7: 6461 | M7: 7383 | N7: 7338 | O7: 2082 | P7: 6967 | Q7: 2432 | R7: 14838 | S7: 542287 | T7: 3751 | U7: 12739 | V7: 403188 | W7: 103863 | X7: 13100 | Y7: 13418941 | Z7: 14422 | AA7: 11833 | AB7: 7087 | AC7: 72958 | AD7: 20574 | AE7: 333297 | AF7: 716622 | AG7: 904970 | AH7: 72052 | AI7: 72609 | AJ7: 3405 | AK7: 68082759 | AL7: 20977330 | AM7: 0 | AN7: 1005548 | AO7: 708 | AP7: -196797 | AQ7: 0 | AR7: 1148216 | AS7: 22935005 | AT7: 91017764 | AU7: 65855571 | AX7: 13697830 | AY7: 0 | AZ7: 0 | BA7: 79553401
A8: B | B8: 광산품 | C8: 2055 | D8: 2999 | E8: 48702 | F8: 3592 | G8: 35023 | H8: 108067377 | I8: 8679206.2 | J8: 0.75110885 | K8: 5208178 | L8: 33232955 | M8: 40482 | N8: 37583 | O8: 8789 | P8: 16354 | Q8: 5802 | R8: 3785 | S8: 76904 | T8: 68593275 | U8: 53587 | V8: 278992 | W8: 0 | X8: 0 | Y8: 15310 | Z8: 0 | AA8: 0 | AB8: 141 | AC8: 17244 | AD8: 13414 | AE8: 16766 | AF8: 1073 | AG8: 16722 | AH8: 2420 | AI8: 2421 | AJ8: 34 | AK8: 224481186 | AL8: 20312 | AM8: 0 | AN8: 0 | AO8: 0 | AP8: -1208060 | AQ8: 0 | AR8: 164539 | AS8: -1023209 | AT8: 223457977 | AU8: 4054042.9 | AX8: 1.1396028e+08 | AY8: 0 | AZ8: 0 | BA8: 1.1801433e+08
A9: C01 | B9: 음식료품 | C9: 13490896 | D9: 16188 | E9: 37267582 | F9: 1267831 | G9: 87762 | H9: 29747 | I9: 1948951.3 | J9: 2.7143773 | K9: 32354 | L9: 78230 | M9: 106035 | N9: 28458 | O9: 23722 | P9: 80841 | Q9: -15144 | R9: 10976 | S9: 642150 | T9: 1667262 | U9: 75594 | V9: 29879 | W9: 2137267 | X9: 237559 | Y9: 62634265 | Z9: 321736 | AA9: 166231 | AB9: 20690 | AC9: 1680284 | AD9: 730059 | AE9: 1178818 | AF9: 3190985 | AG9: 3326884 | AH9: 2766615 | AI9: 1099495 | AJ9: 54767 | AK9: 136414972 | AL9: 79996863 | AM9: 0 | AN9: 0 | AO9: 0 | AP9: -312055 | AQ9: 0 | AR9: 13216832 | AS9: 92901640 | AT9: 229316612 | AU9: 1.5203931e+08 | AX9: 32372723 | AY9: 0 | AZ9: 0 | BA9: 1.8441204e+08
A10: C02 | B10: 섬유 및 가죽제품 | C10: 690669 | D10: 18761 | E10: 152583 | F10: 21941986 | G10: 610886 | H10: 100196 | I10: 1674117.8 | J10: 2.1538698 | K10: 167311 | L10: 181532 | M10: 398657 | N10: 396591 | O10: 175855 | P10: 148702 | Q10: 1234584 | R10: 1704538 | S10: 2681541 | T10: 46471 | U10: 260471 | V10: 183767 | W10: 1793848 | X10: 1945331 | Y10: 1580633 | Z10: 250655 | AA10: 107312 | AB10: 175614 | AC10: 554339 | AD10: 1178436 | AE10: 689348 | AF10: 212655 | AG10: 919104 | AH10: 556457 | AI10: 863694 | AJ10: 17447 | AK10: 43614094 | AL10: 44692848 | AM10: 0 | AN10: 99316 | AO10: 49995 | AP10: 238347 | AQ10: 0 | AR10: 20177963 | AS10: 65258469 | AT10: 108872563 | AU10: 60721463 | AX10: 34648150 | AY10: 0 | AZ10: 0 | BA10: 95369613
A11: C03 | B11: 목재 및 종이, 인쇄 | C11: 866017 | D11: 11121 | E11: 3715108 | F11: 415547 | G11: 17244503 | H11: 134210 | I11: 1997371.3 | J11: 3.7329166 | K11: 426375 | L11: 243459 | M11: 1061021 | N11: 295987 | O11: 571350 | P11: 353312 | Q11: 120280 | R11: 1901882 | S11: 408384 | T11: 792752 | U11: -6870 | V11: 6049727 | W11: 4278205 | X11: 1476571 | Y11: 2137353 | Z11: 2006707 | AA11: 1592341 | AB11: 227894 | AC11: 5069685 | AD11: 631911 | AE11: 913133 | AF11: 960333 | AG11: 1291250 | AH11: 308585 | AI11: 831503 | AJ11: 9881 | AK11: 58336892 | AL11: 1990283 | AM11: 0 | AN11: 0 | AO11: 0 | AP11: 247498 | AQ11: 0 | AR11: 4630328 | AS11: 6868109 | AT11: 65205001 | AU11: 45198801 | AX11: 7178251.2 | AY11: 0 | AZ11: 0 | BA11: 52377053
A12: C04 | B12: 석탄 및 석유제품 | C12: 1553720 | D12: 127562 | E12: 368746 | F12: 182073 | G12: 306192 | H12: 8485744 | I12: 43895210 | J12: 37.330361 | K12: 2409467 | L12: 721361 | M12: 527953 | N12: 108255 | O12: 512348 | P12: 337756 | Q12: 472866 | R12: 45874 | S12: 1013019 | T12: 4111860 | U12: 690962 | V12: 4687554 | W12: 9503880 | X12: 24628899 | Y12: 3477744 | Z12: 404311 | AA12: 146259 | AB12: 918026 | AC12: 4380042 | AD12: 918546 | AE12: 3355174 | AF12: 2599025 | AG12: 1564184 | AH12: 353775 | AI12: 1093548 | AJ12: 22523 | AK12: 123924495 | AL12: 20010215 | AM12: 0 | AN12: 0 | AO12: 0 | AP12: 685143 | AQ12: 0 | AR12: 77066088 | AS12: 97761446 | AT12: 221685941 | AU12: 84333723 | AX12: 24723563 | AY12: 0 | AZ12: 0 | BA12: 1.0905729e+08
A13: C05 | B13: 화학제품 | C13: 5335745 | D13: 219297.55 | E13: 4720436.2 | F13: 6819714.9 | G13: 3803162.1 | H13: 3537787.7 | I13: 1.2936242e+08 | J13: 151.83673 | K13: 2543479.7 | L13: 3102888.6 | M13: 9009071.4 | N13: 20188539 | O13: 17404814 | P13: 5570478.5 | Q13: 21793896 | R13: 2998174.8 | S13: 1983056.9 | T13: 2417166 | U13: 2164828.5 | V13: 12222183 | W13: 5288968.1 | X13: 1560670.8 | Y13: 4858334.9 | Z13: 812352.32 | AA13: 121601.75 | AB13: 277567.43 | AC13: 10278185 | AD13: 3992179.7 | AE13: 1614771.7 | AF13: 1270283.4 | AG13: 32946363 | AH13: 758168.43 | AI13: 3728698.3 | AJ13: 31955.934 | AK13: 3.2273739e+08 | AL13: 16391826 | AM13: 0 | AN13: 0 | AO13: 0 | AP13: 2035866.8 | AQ13: 0 | AR13: 1.4193689e+08 | AS13: 1.6036459e+08 | AT13: 4.8310198e+08 | AU13: 2.9406581e+08 | AX13: 86442871 | AY13: 0 | AZ13: 0 | BA13: 3.8050868e+08
B14: 분석업체 | C14: 11.044759 | D14: 0.45393635 | E14: 9.7710969 | F14: 14.116512 | G14: 7.8723796 | H14: 7.323066 | I14: 267.77456 | J14: 0.0003142954 | K14: 5.264892 | L14: 6.4228439 | M14: 18.648384 | N14: 41.789395 | O14: 36.027205 | P14: 11.530647 | Q14: 45.112413 | R14: 6.2060909 | S14: 4.1048412 | T14: 5.0034281 | U14: 4.4811005 | V14: 25.299385 | W14: 10.947933 | X14: 3.2305204 | Y14: 10.056541 | Z14: 1.6815338 | AA14: 0.25171031 | AB14: 0.57455245 | AC14: 21.275394 | AD14: 8.2636378 | AE14: 3.3425068 | AF14: 2.6294311 | AG14: 68.197533 | AH14: 1.5693756 | AI14: 7.7182427 | AJ14: 0.066147388 | AK14: 668.05231 | AL14: 33.930364 | AM14: 0 | AN14: 0 | AO14: 0 | AP14: 4.2141554 | AQ14: 0 | AR14: 293.80317 | AS14: 331.94769 | AT14: 1000
A15: C06 | B15: 비금속광물제품 | C15: 36617 | D15: 8918 | E15: 905256 | F15: 41584 | G15: 59557 | H15: 153911 | I15: 1621302.9 | J15: 2.0826398 | K15: 7622593 | L15: 3265699 | M15: 612991 | N15: 1987167 | O15: 1806637 | P15: 511290 | Q15: 2300485 | R15: 257029 | S15: 203556 | T15: -152005 | U15: 187593 | V15: 29763706 | W15: 119481 | X15: 76745 | Y15: 742147 | Z15: 13661 | AA15: 3896 | AB15: 84202 | AC15: 340999 | AD15: 226159 | AE15: 331107 | AF15: 142765 | AG15: 71373 | AH15: 141732 | AI15: 56146 | AJ15: 4568 | AK15: 53548870 | AL15: 181273 | AM15: 0 | AN15: 0 | AO15: 0 | AP15: 187387 | AQ15: 0 | AR15: 4781328 | AS15: 5149988 | AT15: 58698858 | AU15: 39826172 | AX15: 6181352.3 | AY15: 0 | AZ15: 0 | BA15: 46007524
A16: C07 | B16: 1차 금속제품 | C16: 91111 | D16: 8196 | E16: 26239 | F16: 2697 | G16: 45720 | H16: 562107 | I16: 3388709.1 | J16: 2.8839309 | K16: 903550 | L16: 62564642 | M16: 26175296 | N16: 6708120 | O16: 18310513 | P16: 13493061 | Q16: 26369922 | R16: 1765850 | S16: 1069388 | T16: 413958 | U16: 170727 | V16: 25701309 | W16: -713 | X16: 132195 | Y16: 27276 | Z16: -21236 | AA16: -69 | AB16: -534 | AC16: 435186 | AD16: 1189 | AE16: 3109 | AF16: -19677 | AG16: 366089 | AH16: -4842 | AI16: -29801 | AJ16: 9136 | AK16: 188668426 | AL16: -731720 | AM16: 0 | AN16: -3134918 | AO16: -83309 | AP16: 118320 | AQ16: 163833 | AR16: 59288136 | AS16: 55620342 | AT16: 244288768 | AU16: 1.3538996e+08 | AX16: 35552155 | AY16: 0 | AZ16: 0 | BA16: 1.7094211e+08
A17: C08 | B17: 금속가공제품 | C17: 77940 | D17: 117861 | E17: 2371080 | F17: 248175 | G17: 609407 | H17: 2900135 | I17: 2673616.3 | J17: 4.6821278 | K17: 667203 | L17: 1573739 | M17: 20929812 | N17: 2705363 | O17: 5224767 | P17: 19768968 | Q17: 18833190 | R17: 1490999 | S17: 1288202 | T17: 869133 | U17: 548021 | V17: 25476298 | W17: 1147254 | X17: 1077767 | Y17: 1741987 | Z17: 251710 | AA17: 141513 | AB17: 200822 | AC17: 1247365 | AD17: 1101443 | AE17: 1742143 | AF17: 474147 | AG17: 355816 | AH17: 255624 | AI17: 953188 | AJ17: 15794 | AK17: 119080487 | AL17: 1887217 | AM17: 0 | AN17: 6527800 | AO17: 2370938 | AP17: 174696 | AQ17: 0 | AR17: 17376557 | AS17: 28337208 | AT17: 147417695 | AU17: 99410721 | AX17: 9828414.2 | AY17: 0 | AZ17: 0 | BA17: 1.0923914e+08
A18: C09 | B18: 컴퓨터, 전자 및 광학기기 | C18: 181673 | D18: 13321 | E18: 179518 | F18: 41611 | G18: 229681 | H18: 822010 | I18: 730147.75 | J18: 1.2527055 | K18: 94215 | L18: 473834 | M18: 1129751 | N18: 111091806 | O18: 14357957 | P18: 8884238 | Q18: 11446256 | R18: 150345 | S18: 2381775 | T18: 1173725 | U18: 449580 | V18: 1185699 | W18: 3095517 | X18: 872734 | Y18: 1525087 | Z18: 10007238 | AA18: 604376 | AB18: 631498 | AC18: 13688295 | AD18: 1617811 | AE18: 1101557 | AF18: 1963339 | AG18: 4361931 | AH18: 523425 | AI18: 2615814 | AJ18: 51754 | AK18: 197677520 | AL18: 25091325 | AM18: 0 | AN18: 30155221 | AO18: 4162495 | AP18: 486519 | AQ18: 0 | AR18: 191050500 | AS18: 250946060 | AT18: 448623580 | AU18: 3.588094e+08 | AX18: 1.2677624e+08 | AY18: 0 | AZ18: 0 | BA18: 4.8558564e+08
A19: C10 | B19: 전기장비 | C19: 127130 | D19: 94350 | E19: 134004 | F19: 66778 | G19: 206216 | H19: 469945 | I19: 534498.05 | J19: 0.94996191 | K19: 332306 | L19: 548446 | M19: 1395586 | N19: 8141816 | O19: 43904389 | P19: 8454471 | Q19: 25867522 | R19: 311865 | S19: 2037205 | T19: 2146060 | U19: 972943 | V19: 15485158 | W19: 1888909 | X19: 3253534 | Y19: 2548408 | Z19: 3173256 | AA19: 368769 | AB19: 850238 | AC19: 8335414 | AD19: 2483438 | AE19: 982153 | AF19: 785992 | AG19: 597813 | AH19: 457683 | AI19: 3195593 | AJ19: 11785 | AK19: 140163674 | AL19: 11254160 | AM19: 0 | AN19: 15865555 | AO19: 302355 | AP19: -360625 | AQ19: 0 | AR19: 46805116 | AS19: 73866561 | AT19: 214030235 | AU19: 1.4406029e+08 | AX19: 37260089 | AY19: 0 | AZ19: 0 | BA19: 1.8132038e+08
A20: C11 | B20: 기계 및 장비 | C20: 129919 | D20: 120796 | E20: 347920 | F20: 31863 | G20: 94508 | H20: 1382092 | I20: 788528 | J20: 100 | K20: 155078 | L20: 734140 | M20: 2600060 | N20: 1519513 | O20: 1498282 | P20: 39011415 | Q20: 9746821 | R20: 56187 | S20: 1472837 | T20: 1127344 | U20: 1179355 | V20: 11223089 | W20: 650365 | X20: 989282 | Y20: 370234 | Z20: 128658 | AA20: 50603 | AB20: 337724 | AC20: 1323848 | AD20: 383679 | AE20: 539228 | AF20: 368941 | AG20: 247391 | AH20: 151440 | AI20: 135707 | AJ20: 6506 | AK20: 78903453 | AL20: 2796216 | AM20: 0 | AN20: 90764774 | AO20: 1006484 | AP20: 229139 | AQ20: 0 | AR20: 70735546 | AS20: 165532159 | AT20: 244435612 | AU20: 1.6696661e+08 | AX20: 56000987 | AY20: 0 | AZ20: 0 | BA20: 2.229676e+08
A21: C12 | B21: 운송장비 | C21: 214292 | D21: 171746 | E21: 36186 | F21: 13210 | G21: 88391 | H21: 261289 | I21: 302512.44 | J21: 0.56210949 | K21: 199501 | L21: 171865 | M21: 276460 | N21: 16439 | O21: 89307 | P21: 701786 | Q21: 96037051 | R21: 18832 | S21: 3598588 | T21: 153854 | U21: 575492 | V21: 37247 | W21: 681877 | X21: 10079696 | Y21: 179329 | Z21: 151437 | AA21: 22514 | AB21: 43088 | AC21: 3650026 | AD21: 876040 | AE21: 3578727 | AF21: 166906 | AG21: 225780 | AH21: 108240 | AI21: 7993657 | AJ21: 7888 | AK21: 130729254 | AL21: 40901705 | AM21: 0 | AN21: 42292727 | AO21: 13019884 | AP21: 3133154 | AQ21: 0 | AR21: 157357500 | AS21: 256704970 | AT21: 387434224 | AU21: 3.078611e+08 | AX21: 49355856 | AY21: 0 | AZ21: 0 | BA21: 3.5721695e+08
A22: C13 | B22: 기타 제조업 제품 | C22: 13043 | D22: 4348 | E22: 265784 | F22: 400619 | G22: 49555 | H22: 19543 | I22: 63825.907 | J22: 0.09275677 | K22: 9664 | L22: 32816 | M22: 127540 | N22: 53518 | O22: 39413 | P22: 60546 | Q22: 58127 | R22: 1765026 | S22: 211009 | T22: 19253 | U22: 201605 | V22: 2450611 | W22: 958311 | X22: 218259 | Y22: 2773762 | Z22: 459712 | AA22: 238915 | AB22: 984873 | AC22: 1963776 | AD22: 962940 | AE22: 659646 | AF22: 2473529 | AG22: 820745 | AH22: 1323183 | AI22: 807734 | AJ22: 11875 | AK22: 20503106 | AL22: 10947329 | AM22: 0 | AN22: 4161544 | AO22: 210426 | AP22: 166929 | AQ22: 1489650 | AR22: 3980497 | AS22: 20956375 | AT22: 41459481 | AU22: 23870057 | AX22: 9840235.4 | AY22: 0 | AZ22: 0 | BA22: 33710292
A23: C14 | B23: 제조임가공 및 산업용 장비 수리 | C23: 242070 | D23: 152155 | E23: 5486522 | F23: 9985095 | G23: 1801603 | H23: 435565 | I23: 9541651 | J23: 17.959534 | K23: 1369996 | L23: 4224299 | M23: 5725936 | N23: 18958535 | O23: 6950897 | P23: 12079284 | Q23: 8404373 | R23: 2035952 | S23: 12334112 | T23: 411980 | U23: 403424 | V23: 190115 | W23: 524872 | X23: 87915 | Y23: 119377 | Z23: 257520 | AA23: 52047 | AB23: 76140 | AC23: 312264 | AD23: 1017368 | AE23: 230996 | AF23: 285366 | AG23: 1116365 | AH23: 128510 | AI23: 55174 | AJ23: 1492 | AK23: 104998988 | AL23: 28837 | AM23: 0 | AN23: 0 | AO23: 0 | AP23: 0 | AQ23: 0 | AR23: 4155270 | AS23: 4184107 | AT23: 109183095 | AU23: 78915574 | AX23: 9904373 | AY23: 0 | AZ23: 0 | BA23: 88819947
A24: D | B24: 전력, 가스 및 증기 | C24: 1767890 | D24: 309520 | E24: 3418331 | F24: 1482512 | G24: 2587944 | H24: 4698075 | I24: 13644306 | J24: 200 | K24: 2510460 | L24: 13713403 | M24: 1874689 | N24: 10769625 | O24: 1765024 | P24: 2141590 | Q24: 4950664 | R24: 197778 | S24: 810329 | T24: 25782761 | U24: 909490 | V24: 748789 | W24: 3749316 | X24: 3699428 | Y24: 1395483 | Z24: 1207141 | AA24: 1004513 | AB24: 2119641 | AC24: 6920949 | AD24: 477521 | AE24: 1132201 | AF24: 3465835 | AG24: 1954483 | AH24: 920786 | AI24: 777356 | AJ24: 2523 | AK24: 122910556 | AL24: 28833591 | AM24: 0 | AN24: 0 | AO24: 0 | AP24: 0 | AQ24: 0 | AR24: 163506 | AS24: 28997097 | AT24: 151907653 | AU24: 1.0101445e+08 | AX24: 162080.64 | AY24: 0 | AZ24: 0 | BA24: 1.0117653e+08
A25: E | B25: 수도, 폐기물처리 및 재활용서비스 | C25: 89368 | D25: 14541 | E25: 826779 | F25: 386115 | G25: 575476 | H25: 130595 | I25: 4924306.1 | J25: 9.8877815 | K25: 637797 | L25: 5187656 | M25: 905612 | N25: 235320 | O25: 281475 | P25: 742523 | Q25: 461476 | R25: 55082 | S25: 255182 | T25: 332905 | U25: 2236474 | V25: 341237 | W25: 165479 | X25: 464005 | Y25: 2878054 | Z25: 361325 | AA25: 303706 | AB25: 2573899 | AC25: 1005874 | AD25: 452566 | AE25: 1046785 | AF25: 1383081 | AG25: 1977621 | AH25: 421875 | AI25: 627650 | AJ25: 8234 | AK25: 32290083 | AL25: 5621462 | AM25: 3376692 | AN25: 0 | AO25: 0 | AP25: 0 | AQ25: 0 | AR25: 703138 | AS25: 9701292 | AT25: 41991375 | AU25: 38935899 | AX25: 152515.51 | AY25: 0 | AZ25: 0 | BA25: 39088415
A26: F | B26: 건설 | C26: 88514 | D26: 32490 | E26: 115964 | F26: 17981 | G26: 52301 | H26: 105287 | I26: 239146.52 | J26: 0.48130556 | K26: 35374 | L26: 173084 | M26: 142250 | N26: 79641 | O26: 106790 | P26: 86476 | Q26: 23178 | R26: 15431 | S26: 19997 | T26: 294042 | U26: 116218 | V26: 22772 | W26: 382154 | X26: 135823 | Y26: 862064 | Z26: 378330 | AA26: 59155 | AB26: 18831564 | AC26: 837373 | AD26: 366211 | AE26: 850453 | AF26: 169025 | AG26: 98138 | AH26: 151080 | AI26: 166440 | AJ26: 8090 | AK26: 25062837 | AL26: 0 | AM26: 0 | AN26: 239341758 | AO26: 75543183 | AP26: 2120576 | AQ26: 0 | AR26: 171495 | AS26: 317177012 | AT26: 342239849 | AU26: 3.0020775e+08 | AX26: 1229.1344 | AY26: 0 | AZ26: 0 | BA26: 3.0020898e+08
... A40: T | B40: 기타 | C40: 269414 | D40: 15963 | E40: 83286 | F40: 18483 | G40: 75392 | H40: 137738 | I40: 792650.4 | J40: 1.5952925 | K40: 23147 | L40: 42575 | M40: 131618 | N40: 63701 | O40: 54728 | P40: 91336 | Q40: 23958 | R40: 18948 | S40: 433554 | T40: 142445 | U40: 40948 | V40: 32265 | W40: 492128 | X40: 55217 | Y40: 250478 | Z40: 428335 | AA40: 58639 | AB40: 537173 | AC40: 239556 | AD40: 179839 | AE40: 45902 | AF40: 36693 | AG40: 373801 | AH40: 101652 | AI40: 54194 | AJ40: 109679 | AK40: 5455437 | AL40: -435478 | AM40: 0 | AN40: 0 | AO40: 0 | AP40: 0 | AQ40: 0 | AR40: 0 | AS40: -435478 | AT40: 5019959 | AU40: 4286533.2 | AX40: 0 | AY40: 0 | AZ40: 0 | BA40: 4286533.2
A41: 9590 | B41: 중간투입계 | C41: 39166528 | D41: 3169491 | E41: 139457033 | F41: 57298913 | G41: 39700938 | H41: 143573392 | I41: 285565161 | J41: 650 | K41: 37404675 | L41: 154477519 | M41: 92011168 | N41: 221737214 | O41: 135088695 | P41: 138660261 | Q41: 269883451 | R41: 21105797 | S41: 51124252 | T41: 120649253 | U41: 23032194 | V41: 199251516 | W41: 184102011 | X41: 125178243 | Y41: 150662761 | Z41: 104063290 | AA41: 86678547 | AB41: 81055631 | AC41: 170997641 | AD41: 56091961 | AE41: 52243921 | AF41: 51016928 | AG41: 90583511 | AH41: 28521048 | AI41: 44847605 | AJ41: 5019959 | AK41: 3403421158 | AL41: 1203106723 | AM41: 428148599 | AN41: 642719412 | AO41: 114740934 | AP41: 8456630 | AQ41: 2242835 | AR41: 999815735 | AS41: 3399230868 | AT41: 6802652026 | AU41: 5.0713317e+09 | AV41: 0 | AW41: 0 | AX41: 7.8241773e+08 | AY41: 0 | AZ41: 0 | BA41: 5.8537494e+09
A42: 9610 | B42: 피용자보수 | C42: 7311007 | D42: 763130 | E42: 15128140 | F42: 6942083 | G42: 7714470 | H42: 1849380 | I42: 33024739 | J42: 200 | K42: 5591739 | L42: 12874780 | M42: 22094377 | N42: 38330264 | O42: 18684449 | P42: 28417504 | Q42: 24629085 | R42: 4430442 | S42: 30392667 | T42: 7229124 | U42: 9301644 | V42: 108270135 | W42: 105848898 | X42: 45972783 | Y42: 37217436 | Z42: 48448668 | AA42: 52077047 | AB42: 23572589 | AC42: 119508944 | AD42: 53019085 | AE42: 89879718 | AF42: 84723533 | AG42: 91542475 | AH42: 14325783 | AI42: 21260262 | AJ42: 0 | AK42: 1170376580
A43: 9621 | B43: 영업잉여 | C43: 20790625 | D43: 907945 | E43: 6246706 | F43: 1230526 | G43: 5894202 | H43: 10160438 | I43: 26725352 | J43: 100 | K43: 2061144 | L43: 12662963 | M43: 15468441 | N43: -2691522 | O43: 509104 | P43: 5170759 | Q43: 8332412 | R43: 1502834 | S43: 4585557 | T43: -117531 | U43: 4067693 | V43: 6664903 | W43: 71028220 | X43: 16697450 | Y43: 17852378 | Z43: 24101295 | AA43: 68918948 | AB43: 64506524 | AC43: 32838525 | AD43: 24595921 | AE43: 0 | AF43: 5753379 | AG43: 22888082 | AH43: 8967271 | AI43: 7606932 | AJ43: 0 | AK43: 495927576
A44: 9622 | B44: 고정자본소모 | C44: 6826925 | D44: 492826 | E44: 7184340 | F44: 2607552 | G44: 1594645 | H44: 3179003 | I44: 26775668 | J44: 50 | K44: 4858806 | L44: 10685788 | M44: 5299685 | N44: 59980214 | O44: 16524948 | P44: 11389415 | Q44: 27105345 | R44: 906543 | S44: 10150938 | T44: 20286757 | U44: 5288608 | V44: 6766250 | W44: 18105570 | X44: 36332814 | Y44: 5371797 | Z44: 35261097 | AA44: 12984833 | AB44: 69279349 | AC44: 28647148 | AD44: 7189528 | AE44: 60428502 | AF44: 12635621 | AG44: 13918268 | AH44: 6439170 | AI44: 4683288 | AJ44: 0 | AK44: 539181291
A45: 9630 | B45: 생산세(보조금공제) | C45: -27016 | D45: -6795 | E45: 14378726 | F45: 2081072 | G45: 1110431 | H45: 17800753 | I45: 4534298 | J45: 0 | K45: 911160 | L45: 1198062 | M45: 1425139 | N45: 2455564 | O45: 1946311 | P45: 1845434 | Q45: 7185378 | R45: 997653 | S45: 548886 | T45: 3631197 | U45: 108881 | V45: 21285495 | W45: 17403973 | X45: -2966019 | Y45: 12631432 | Z45: 6428467 | AA45: 10283809 | AB45: 33396994 | AC45: 3703102 | AD45: 3414461 | AE45: 3508 | AF45: 209536 | AG45: 218867 | AH45: 6447347 | AI45: 3202028 | AJ45: 0 | AK45: 177788134
A46: 9690 | B46: 부가가치계 | C46: 74068069 | D46: 5326597 | E46: 182394945 | F46: 70160146 | G46: 56014686 | H46: 176562966 | I46: 376625218 | J46: 1000 | K46: 50827524 | L46: 191899112 | M46: 136298810 | N46: 319811734 | O46: 172753507 | P46: 185483373 | Q46: 337135671 | R46: 28943269 | S46: 96802300 | T46: 151678800 | U46: 41799020 | V46: 342238299 | W46: 396488672 | X46: 221215271 | Y46: 223735804 | Z46: 218302817 | AA46: 230943184 | AB46: 271811087 | AC46: 355695360 | AD46: 144310956 | AE46: 202555649 | AF46: 154338997 | AG46: 219151203 | AH46: 64700619 | AI46: 81600115 | AJ46: 5019959 | AK46: 5786694739
A47: 9790 | B47: 총투입계 | C47: 65855571 | D47: 4054042.9 | E47: 1.5203931e+08 | F47: 60721463 | G47: 45198801 | H47: 84333723 | I47: 2.9406581e+08 | K47: 39826172 | L47: 1.3538996e+08 | M47: 99410721 | N47: 3.588094e+08 | O47: 1.4406029e+08 | P47: 1.6696661e+08 | Q47: 3.078611e+08 | R47: 23870057 | S47: 78915574 | T47: 1.0101445e+08 | U47: 38935899 | V47: 3.0020775e+08 | W47: 3.5147051e+08 | X47: 1.9541116e+08 | Y47: 1.9004431e+08 | Z47: 2.0892709e+08 | AA47: 2.3186987e+08 | AB47: 2.6378748e+08 | AC47: 3.2402126e+08 | AD47: 1.313867e+08 | AE47: 1.8364336e+08 | AF47: 1.4413252e+08 | AG47: 2.1064642e+08 | AH47: 58572636 | AI47: 71595127 | AJ47: 4286533.2 | AK47: 5.0713317e+09
A48: GHG | B48: 탄소배출량(tco2eq.) | C48: 26208380 | D48: 2042881.6 | E48: 2065050 | F48: 4524770 | G48: 2843750 | H48: 36281630 | I48: 84687500 | K48: 35157346 | L48: 1.0253767e+08 | M48: 368275.38 | N48: 3829180 | O48: 123929.89 | P48: 6926970 | Q48: 2362190 | R48: 3595100.8 | S48: 1648578 | T48: 2.2933202e+08 | U48: 18172000 | V48: 1813020 | W48: 1433144.7 | X48: 1.0115978e+08 | Y48: 2253065 | Z48: 101446.17 | AA48: 132046.07 | AB48: 236199.08 | AC48: 1892727 | AD48: 157565.49 | AE48: 6015859.9 | AF48: 2189527.8 | AG48: 1803187.2 | AH48: 373361.74 | AI48: 422069.89 | AJ48: 0 | AK48: =SUM(C48:AJ48) -> 6.8269022e+08

Sheet Ad
A5: 상품 상품 | C5: A | D5: B | E5: C01 | F5: C02 | G5: C03 | H5: C04 | I5: C05 | K5: C06 | L5: C07 | M5: C08 | N5: C09 | O5: C10 | P5: C11 | Q5: C12 | R5: C13 | S5: C14 | T5: D | U5: E | V5: F | W5: G | X5: H | Y5: I | Z5: J | AA5: K | AB5: L | AC5: M | AD5: N | AE5: O | AF5: P | AG5: Q | AH5: R | AI5: S | AJ5: T | AK5: 9090
C6: 농림수산품 | D6: 광산품 | E6: 음식료품 | F6: 섬유 및 가죽제품 | G6: 목재 및 종이, 인쇄 | H6: 석탄 및 석유제품 | I6: 화학제품 | J6: 분석업체 | K6: 비금속광물제품 | L6: 1차 금속제품 | M6: 금속가공제품 | N6: 컴퓨터, 전자 및 광학기기 | O6: 전기장비 | P6: 기계 및 장비 | Q6: 운송장비 | R6: 기타 제조업 제품 | S6: 제조임가공 및 산업용 장비 수리 | T6: 전력, 가스 및 증기 | U6: 수도, 폐기물처리 및 재활용서비스 | V6: 건설 | W6: 도소매 및 상품중개서비스 | X6: 운송서비스 | Y6: 음식점 및 숙박서비스 | Z6: 정보통신 및 방송 서비스 | AA6: 금융 및 보험 서비스 | AB6: 부동산서비스 | AC6: 전문, 과학 및 기술 서비스 | AD6: 사업지원서비스 | AE6: 공공행정, 국방 및 사회보장 | AF6: 교육서비스 | AG6: 보건 및 사회복지 서비스 | AH6: 예술, 스포츠 및 여가 관련 서비스 | AI6: 기타 서비스 | AJ6: 기타 | AK6: 중간수요계
A7: A | B7: 농림수산품 | C7: =국산거래표_new!C7/'A표_총거래표(생산자)_new'!C$186 -> 0.050905944 | D7: =국산거래표_new!D7/'A표_총거래표(생산자)_new'!D$186 -> 0.00065126008 | E7: =국산거래표_new!E7/'A표_총거래표(생산자)_new'!E$186 -> 0.189247 | F7: =국산거래표_new!F7/'A표_총거래표(생산자)_new'!F$186 -> 0.00055126738 | G7: =국산거래표_new!G7/'A표_총거래표(생산자)_new'!G$186 -> 0.0049573071 | H7: =국산거래표_new!H7/'A표_총거래표(생산자)_new'!H$186 -> 2.3804539e-05 | I7: =국산거래표_new!I7/'A표_총거래표(생산자)_new'!I$186 -> 0.0014753726 | J7: =국산거래표_new!J7/'A표_총거래표(생산자)_new'!J$186 -> 0.0004684402 | ... AJ7: =국산거래표_new!AJ7/'A표_총거래표(생산자)_new'!AJ$186 -> 0.00067829239 | AK7: =SUM(C7:AJ7) -> 0.32563221
A8: B | B8: 광산품 | C8: =국산거래표_new!C8/'A표_총거래표(생산자)_new'!C$186 -> 2.7744749e-05 | D8: =국산거래표_new!D8/'A표_총거래표(생산자)_new'!D$186 -> 0.00056302363 | E8: =국산거래표_new!E8/'A표_총거래표(생산자)_new'!E$186 -> 0.00022900306 | F8: =국산거래표_new!F8/'A표_총거래표(생산자)_new'!F$186 -> 3.6302661e-05 | G8: =국산거래표_new!G8/'A표_총거래표(생산자)_new'!G$186 -> 0.00021137314 | H8: =국산거래표_new!H8/'A표_총거래표(생산자)_new'!H$186 -> 0.00063555797 | I8: =국산거래표_new!I8/'A표_총거래표(생산자)_new'!I$186 -> 0.00099091338 | J8: =국산거래표_new!J8/'A표_총거래표(생산자)_new'!J$186 -> 3.2297431e-05 | ... AJ8: =국산거래표_new!AJ8/'A표_총거래표(생산자)_new'!AJ$186 -> 6.7729637e-06 | AK8: =SUM(C8:AJ8) -> 0.085641163
A9: C01 | B9: 음식료품 | C9: =국산거래표_new!C9/'A표_총거래표(생산자)_new'!C$186 -> 0.1792116 | D9: =국산거래표_new!D9/'A표_총거래표(생산자)_new'!D$186 -> 0.0030390886 | E9: =국산거래표_new!E9/'A표_총거래표(생산자)_new'!E$186 -> 0.12684034 | F9: =국산거래표_new!F9/'A표_총거래표(생산자)_new'!F$186 -> 0.0012324376 | G9: =국산거래표_new!G9/'A표_총거래표(생산자)_new'!G$186 -> 0.0012097542 | H9: =국산거래표_new!H9/'A표_총거래표(생산자)_new'!H$186 -> -5.6217905e-05 | I9: =국산거래표_new!I9/'A표_총거래표(생산자)_new'!I$186 -> 0.0035809846 | J9: =국산거래표_new!J9/'A표_총거래표(생산자)_new'!J$186 -> 0.0018783698 | ... AJ9: =국산거래표_new!AJ9/'A표_총거래표(생산자)_new'!AJ$186 -> 0.01090985 | AK9: =SUM(C9:AJ9) -> 0.6941753
A10: C02 | B10: 섬유 및 가죽제품 | C10: =국산거래표_new!C10/'A표_총거래표(생산자)_new'!C$186 -> 0.0069709121 | D10: =국산거래표_new!D10/'A표_총거래표(생산자)_new'!D$186 -> 0.0035221362 | E10: =국산거래표_new!E10/'A표_총거래표(생산자)_new'!E$186 -> 0.00071875347 | F10: =국산거래표_new!F10/'A표_총거래표(생산자)_new'!F$186 -> 0.13465374 | G10: =국산거래표_new!G10/'A표_총거래표(생산자)_new'!G$186 -> 0.0083810521 | H10: =국산거래표_new!H10/'A표_총거래표(생산자)_new'!H$186 -> 0.00056615497 | I10: =국산거래표_new!I10/'A표_총거래표(생산자)_new'!I$186 -> 0.0028415267 | J10: =국산거래표_new!J10/'A표_총거래표(생산자)_new'!J$186 -> 0.0013768752 | ... AJ10: =국산거래표_new!AJ10/'A표_총거래표(생산자)_new'!AJ$186 -> 0.0034755264 | AK10: =SUM(C10:AJ10) -> 0.31103666
A11: C03 | B11: 목재 및 종이, 인쇄 | C11: =국산거래표_new!C11/'A표_총거래표(생산자)_new'!C$186 -> 0.011585816 | D11: =국산거래표_new!D11/'A표_총거래표(생산자)_new'!D$186 -> 0.0020878246 | E11: =국산거래표_new!E11/'A표_총거래표(생산자)_new'!E$186 -> 0.019319812 | F11: =국산거래표_new!F11/'A표_총거래표(생산자)_new'!F$186 -> 0.0031154867 | G11: =국산거래표_new!G11/'A표_총거래표(생산자)_new'!G$186 -> 0.21932698 | H11: =국산거래표_new!H11/'A표_총거래표(생산자)_new'!H$186 -> 0.00075567376 | I11: =국산거래표_new!I11/'A표_총거래표(생산자)_new'!I$186 -> 0.0049247062 | J11: =국산거래표_new!J11/'A표_총거래표(생산자)_new'!J$186 -> 0.0034664043 | ... AJ11: =국산거래표_new!AJ11/'A표_총거래표(생산자)_new'!AJ$186 -> 0.0019683428 | AK11: =SUM(C11:AJ11) -> 0.44891975
A12: C04 | B12: 석탄 및 석유제품 | C12: =국산거래표_new!C12/'A표_총거래표(생산자)_new'!C$186 -> 0.02046716 | D12: =국산거래표_new!D12/'A표_총거래표(생산자)_new'!D$186 -> 0.023647368 | E12: =국산거래표_new!E12/'A표_총거래표(생산자)_new'!E$186 -> 0.0017883116 | F12: =국산거래표_new!F12/'A표_총거래표(생산자)_new'!F$186 -> 0.001616288 | G12: =국산거래표_new!G12/'A표_총거래표(생산자)_new'!G$186 -> 0.0042534381 | H12: =국산거래표_new!H12/'A표_총거래표(생산자)_new'!H$186 -> 0.027225358 | I12: =국산거래표_new!I12/'A표_총거래표(생산자)_new'!I$186 -> 0.049248689 | J12: =국산거래표_new!J12/'A표_총거래표(생산자)_new'!J$186 -> 0.015774266 | ... AJ12: =국산거래표_new!AJ12/'A표_총거래표(생산자)_new'!AJ$186 -> 0.00448669 | AK12: =SUM(C12:AJ12) -> 0.44487006
A13: C05 | B13: 화학제품 | C13: =국산거래표_new!C13/'A표_총거래표(생산자)_new'!C$186 -> 0.060925251 | D13: =국산거래표_new!D13/'A표_총거래표(생산자)_new'!D$186 -> 0.040842502 | E13: =국산거래표_new!E13/'A표_총거래표(생산자)_new'!E$186 -> 0.023312539 | F13: =국산거래표_new!F13/'A표_총거래표(생산자)_new'!F$186 -> 0.077472526 | G13: =국산거래표_new!G13/'A표_총거래표(생산자)_new'!G$186 -> 0.062713656 | H13: =국산거래표_new!H13/'A표_총거래표(생산자)_new'!H$186 -> 0.016059461 | I13: =국산거래표_new!I13/'A표_총거래표(생산자)_new'!I$186 -> 0.20031244 | J13: =국산거래표_new!J13/'A표_총거래표(생산자)_new'!J$186 -> 0.088549726 | ... AJ13: =국산거래표_new!AJ13/'A표_총거래표(생산자)_new'!AJ$186 -> 0.0063494411 | AK13: =SUM(C13:AJ13) -> 1.3240113
B14: 분석업체 | C14: =국산거래표_new!C14/'A표_총거래표(생산자)_new'!C$186 -> 1.2611261e-07 | D14: =국산거래표_new!D14/'A표_총거래표(생산자)_new'!D$186 -> 8.4542197e-08 | E14: =국산거래표_new!E14/'A표_총거래표(생산자)_new'!E$186 -> 4.8255937e-08 | F14: =국산거래표_new!F14/'A표_총거래표(생산자)_new'!F$186 -> 1.6036475e-07 | G14: =국산거래표_new!G14/'A표_총거래표(생산자)_new'!G$186 -> 1.2981453e-07 | H14: =국산거래표_new!H14/'A표_총거래표(생산자)_new'!H$186 -> 3.3242384e-08 | I14: =국산거래표_new!I14/'A표_총거래표(생산자)_new'!I$186 -> 4.1463921e-07 | J14: =국산거래표_new!J14/'A표_총거래표(생산자)_new'!J$186 -> 0.22000019 | ... AJ14: =국산거래표_new!AJ14/'A표_총거래표(생산자)_new'!AJ$186 -> 1.3143066e-08
A15: C06 | B15: 비금속광물제품 | C15: =국산거래표_new!C15/'A표_총거래표(생산자)_new'!C$186 -> 0.00049075128 | D15: =국산거래표_new!D15/'A표_총거래표(생산자)_new'!D$186 -> 0.00167255 | E15: =국산거래표_new!E15/'A표_총거래표(생산자)_new'!E$186 -> 0.004752999 | F15: =국산거래표_new!F15/'A표_총거래표(생산자)_new'!F$186 -> 0.00042699455 | G15: =국산거래표_new!G15/'A표_총거래표(생산자)_new'!G$186 -> 0.0010342823 | H15: =국산거래표_new!H15/'A표_총거래표(생산자)_new'!H$186 -> 0.00072581472 | I15: =국산거래표_new!I15/'A표_총거래표(생산자)_new'!I$186 -> 0.0027475555 | J15: =국산거래표_new!J15/'A표_총거래표(생산자)_new'!J$186 -> 0.0013292476 | ... AJ15: =국산거래표_new!AJ15/'A표_총거래표(생산자)_new'!AJ$186 -> 0.00090996759 | AK15: =SUM(C15:AJ15) -> 0.27135134
A16: C07 | B16: 1차 금속제품 | C16: =국산거래표_new!C16/'A표_총거래표(생산자)_new'!C$186 -> 0.0012245898 | D16: =국산거래표_new!D16/'A표_총거래표(생산자)_new'!D$186 -> 0.0015373793 | E16: =국산거래표_new!E16/'A표_총거래표(생산자)_new'!E$186 -> 0.00014385815 | F16: =국산거래표_new!F16/'A표_총거래표(생산자)_new'!F$186 -> -2.8734262e-05 | G16: =국산거래표_new!G16/'A표_총거래표(생산자)_new'!G$186 -> 0.00080866293 | H16: =국산거래표_new!H16/'A표_총거래표(생산자)_new'!H$186 -> 0.0031039522 | I16: =국산거래표_new!I16/'A표_총거래표(생산자)_new'!I$186 -> 0.003804673 | J16: =국산거래표_new!J16/'A표_총거래표(생산자)_new'!J$186 -> 0.0012194874 | ... AJ16: =국산거래표_new!AJ16/'A표_총거래표(생산자)_new'!AJ$186 -> 0.0018199352 | AK16: =SUM(C16:AJ16) -> 0.72509697
A17: C08 | B17: 금속가공제품 | C17: =국산거래표_new!C17/'A표_총거래표(생산자)_new'!C$186 -> 0.001030471 | D17: =국산거래표_new!D17/'A표_총거래표(생산자)_new'!D$186 -> 0.021100902 | E17: =국산거래표_new!E17/'A표_총거래표(생산자)_new'!E$186 -> 0.012155726 | F17: =국산거래표_new!F17/'A표_총거래표(생산자)_new'!F$186 -> 0.0016606579 | G17: =국산거래표_new!G17/'A표_총거래표(생산자)_new'!G$186 -> 0.01061868 | H17: =국산거래표_new!H17/'A표_총거래표(생산자)_new'!H$186 -> 0.016268338 | I17: =국산거래표_new!I17/'A표_총거래표(생산자)_new'!I$186 -> 0.006176968 | J17: =국산거래표_new!J17/'A표_총거래표(생산자)_new'!J$186 -> 0.0040740743 | ... AJ17: =국산거래표_new!AJ17/'A표_총거래표(생산자)_new'!AJ$186 -> 0.0031462408 | AK17: =SUM(C17:AJ17) -> 0.61926533
A18: C09 | B18: 컴퓨터, 전자 및 광학기기 | C18: =국산거래표_new!C18/'A표_총거래표(생산자)_new'!C$186 -> 0.0024424965 | D18: =국산거래표_new!D18/'A표_총거래표(생산자)_new'!D$186 -> 0.0024959651 | E18: =국산거래표_new!E18/'A표_총거래표(생산자)_new'!E$186 -> 0.00098081117 | F18: =국산거래표_new!F18/'A표_총거래표(생산자)_new'!F$186 -> 0.00058262422 | G18: =국산거래표_new!G18/'A표_총거래표(생산자)_new'!G$186 -> 0.0039679773 | H18: =국산거래표_new!H18/'A표_총거래표(생산자)_new'!H$186 -> 0.0045987843 | I18: =국산거래표_new!I18/'A표_총거래표(생산자)_new'!I$186 -> 0.0016526507 | J18: =국산거래표_new!J18/'A표_총거래표(생산자)_new'!J$186 -> 0.0010678954 | ... AJ18: =국산거래표_new!AJ18/'A표_총거래표(생산자)_new'!AJ$186 -> 0.010309646 | AK18: =SUM(C18:AJ18) -> 0.47679024
A19: C10 | B19: 전기장비 | C19: =국산거래표_new!C19/'A표_총거래표(생산자)_new'!C$186 -> 0.0017132079 | D19: =국산거래표_new!D19/'A표_총거래표(생산자)_new'!D$186 -> 0.017709431 | E19: =국산거래표_new!E19/'A표_총거래표(생산자)_new'!E$186 -> 0.0007338142 | F19: =국산거래표_new!F19/'A표_총거래표(생산자)_new'!F$186 -> 0.00091835613 | G19: =국산거래표_new!G19/'A표_총거래표(생산자)_new'!G$186 -> 0.0036754111 | H19: =국산거래표_new!H19/'A표_총거래표(생산자)_new'!H$186 -> 0.0026538634 | I19: =국산거래표_new!I19/'A표_총거래표(생산자)_new'!I$186 -> 0.0012532516 | J19: =국산거래표_new!J19/'A표_총거래표(생산자)_new'!J$186 -> 0.00083889528 | ... AJ19: =국산거래표_new!AJ19/'A표_총거래표(생산자)_new'!AJ$186 -> 0.0023476287 | AK19: =SUM(C19:AJ19) -> 0.5562502
A20: C11 | B20: 기계 및 장비 | C20: =국산거래표_new!C20/'A표_총거래표(생산자)_new'!C$186 -> 0.0016196453 | D20: =국산거래표_new!D20/'A표_총거래표(생산자)_new'!D$186 -> 0.022122379 | E20: =국산거래표_new!E20/'A표_총거래표(생산자)_new'!E$186 -> 0.001835939 | F20: =국산거래표_new!F20/'A표_총거래표(생산자)_new'!F$186 -> 0.00028111401 | G20: =국산거래표_new!G20/'A표_총거래표(생산자)_new'!G$186 -> 0.001587423 | H20: =국산거래표_new!H20/'A표_총거래표(생산자)_new'!H$186 -> 0.0074607208 | I20: =국산거래표_new!I20/'A표_총거래표(생산자)_new'!I$186 -> 0.0014289185 | J20: =국산거래표_new!J20/'A표_총거래표(생산자)_new'!J$186 -> 0.068249544 | ... AJ20: =국산거래표_new!AJ20/'A표_총거래표(생산자)_new'!AJ$186 -> 0.0012960265 | AK20: =SUM(C20:AJ20) -> 0.36853058
A21: C12 | B21: 운송장비 | C21: =국산거래표_new!C21/'A표_총거래표(생산자)_new'!C$186 -> 0.0028871686 | D21: =국산거래표_new!D21/'A표_총거래표(생산자)_new'!D$186 -> 0.032236529 | E21: =국산거래표_new!E21/'A표_총거래표(생산자)_new'!E$186 -> 0.00019839366 | F21: =국산거래표_new!F21/'A표_총거래표(생산자)_new'!F$186 -> 0.0001810287 | G21: =국산거래표_new!G21/'A표_총거래표(생산자)_new'!G$186 -> 0.0015776934 | H21: =국산거래표_new!H21/'A표_총거래표(생산자)_new'!H$186 -> 0.0014797044 | I21: =국산거래표_new!I21/'A표_총거래표(생산자)_new'!I$186 -> 0.00074157138 | J21: =국산거래표_new!J21/'A표_총거래표(생산자)_new'!J$186 -> 0.00051896736 | ... AJ21: =국산거래표_new!AJ21/'A표_총거래표(생산자)_new'!AJ$186 -> 0.0015713276 | AK21: =SUM(C21:AJ21) -> 0.51389035
A22: C13 | B22: 기타 제조업 제품 | C22: =국산거래표_new!C22/'A표_총거래표(생산자)_new'!C$186 -> 0.0001739346 | D22: =국산거래표_new!D22/'A표_총거래표(생산자)_new'!D$186 -> 0.00081477912 | E22: =국산거래표_new!E22/'A표_총거래표(생산자)_new'!E$186 -> 0.0014361253 | F22: =국산거래표_new!F22/'A표_총거래표(생산자)_new'!F$186 -> 0.001208977 | G22: =국산거래표_new!G22/'A표_총거래표(생산자)_new'!G$186 -> 0.00083517383 | H22: =국산거래표_new!H22/'A표_총거래표(생산자)_new'!H$186 -> 0.0001081937 | I22: =국산거래표_new!I22/'A표_총거래표(생산자)_new'!I$186 -> 0.00012237081 | J22: =국산거래표_new!J22/'A표_총거래표(생산자)_new'!J$186 -> 6.6978569e-05 | ... AJ22: =국산거래표_new!AJ22/'A표_총거래표(생산자)_new'!AJ$186 -> 0.0023655572 | AK22: =SUM(C22:AJ22) -> 0.12507995
A23: C14 | B23: 제조임가공 및 산업용 장비 수리 | C23: =국산거래표_new!C23/'A표_총거래표(생산자)_new'!C$186 -> 0.0032682099 | D23: =국산거래표_new!D23/'A표_총거래표(생산자)_new'!D$186 -> 0.028565142 | E23: =국산거래표_new!E23/'A표_총거래표(생산자)_new'!E$186 -> 0.029979581 | F23: =국산거래표_new!F23/'A표_총거래표(생산자)_new'!F$186 -> 0.064825649 | G23: =국산거래표_new!G23/'A표_총거래표(생산자)_new'!G$186 -> 0.031844506 | H23: =국산거래표_new!H23/'A표_총거래표(생산자)_new'!H$186 -> 0.0024669103 | I23: =국산거래표_new!I23/'A표_총거래표(생산자)_new'!I$186 -> 0.023693385 | J23: =국산거래표_new!J23/'A표_총거래표(생산자)_new'!J$186 -> 0.016796085 | ... AJ23: =국산거래표_new!AJ23/'A표_총거래표(생산자)_new'!AJ$186 -> 0.00029721358 | AK23: =SUM(C23:AJ23) -> 0.68400292
A24: D | B24: 전력, 가스 및 증기 | C24: =국산거래표_new!C24/'A표_총거래표(생산자)_new'!C$186 -> 0.02386845 | D24: =국산거래표_new!D24/'A표_총거래표(생산자)_new'!D$186 -> 0.058108207 | E24: =국산거래표_new!E24/'A표_총거래표(생산자)_new'!E$186 -> 0.018741303 | F24: =국산거래표_new!F24/'A표_총거래표(생산자)_new'!F$186 -> 0.021129987 | G24: =국산거래표_new!G24/'A표_총거래표(생산자)_new'!G$186 -> 0.046201027 | H24: =국산거래표_new!H24/'A표_총거래표(생산자)_new'!H$186 -> 0.026605155 | I24: =국산거래표_new!I24/'A표_총거래표(생산자)_new'!I$186 -> 0.036226501 | J24: =국산거래표_new!J24/'A표_총거래표(생산자)_new'!J$186 -> 0.19999279 | ... AJ24: =국산거래표_new!AJ24/'A표_총거래표(생산자)_new'!AJ$186 -> 0.00050259375 | AK24: =SUM(C24:AJ24) -> 0.9780252
A25: E | B25: 수도, 폐기물처리 및 재활용서비스 | C25: =국산거래표_new!C25/'A표_총거래표(생산자)_new'!C$186 -> 0.0011982761 | D25: =국산거래표_new!D25/'A표_총거래표(생산자)_new'!D$186 -> 0.0027298855 | E25: =국산거래표_new!E25/'A표_총거래표(생산자)_new'!E$186 -> 0.0045200814 | F25: =국산거래표_new!F25/'A표_총거래표(생산자)_new'!F$186 -> 0.0054905673 | G25: =국산거래표_new!G25/'A표_총거래표(생산자)_new'!G$186 -> 0.010264647 | H25: =국산거래표_new!H25/'A표_총거래표(생산자)_new'!H$186 -> 0.0007361 | I25: =국산거래표_new!I25/'A표_총거래표(생산자)_new'!I$186 -> 0.013044602 | J25: =국산거래표_new!J25/'A표_총거래표(생산자)_new'!J$186 -> 0.0098649313 | ... AJ25: =국산거래표_new!AJ25/'A표_총거래표(생산자)_new'!AJ$186 -> 0.0016402524 | AK25: =SUM(C25:AJ25) -> 0.23504713
A26: F | B26: 건설 | C26: =국산거래표_new!C26/'A표_총거래표(생산자)_new'!C$186 -> 0.0011950359 | D26: =국산거래표_new!D26/'A표_총거래표(생산자)_new'!D$186 -> 0.0060995791 | E26: =국산거래표_new!E26/'A표_총거래표(생산자)_new'!E$186 -> 0.00063578516 | F26: =국산거래표_new!F26/'A표_총거래표(생산자)_new'!F$186 -> 0.0002562851 | G26: =국산거래표_new!G26/'A표_총거래표(생산자)_new'!G$186 -> 0.00093370157 | H26: =국산거래표_new!H26/'A표_총거래표(생산자)_new'!H$186 -> 0.00059631418 | I26: =국산거래표_new!I26/'A표_총거래표(생산자)_new'!I$186 -> 0.00063496948 | J26: =국산거래표_new!J26/'A표_총거래표(생산자)_new'!J$186 -> 0.00048130356 | ... AJ26: =국산거래표_new!AJ26/'A표_총거래표(생산자)_new'!AJ$186 -> 0.0016115669 | AK26: =SUM(C26:AJ26) -> 0.11371598
... A40: T | B40: 기타 | C40: =국산거래표_new!C40/'A표_총거래표(생산자)_new'!C$186 -> 0.0036373839 | D40: =국산거래표_new!D40/'A표_총거래표(생산자)_new'!D$186 -> 0.0029968477 | E40: =국산거래표_new!E40/'A표_총거래표(생산자)_new'!E$186 -> 0.0004566245 | F40: =국산거래표_new!F40/'A표_총거래표(생산자)_new'!F$186 -> 0.00026344016 | G40: =국산거래표_new!G40/'A표_총거래표(생산자)_new'!G$186 -> 0.0013459327 | H40: =국산거래표_new!H40/'A표_총거래표(생산자)_new'!H$186 -> 0.00078010697 | I40: =국산거래표_new!I40/'A표_총거래표(생산자)_new'!I$186 -> 0.0021046132 | J40: =국산거래표_new!J40/'A표_총거래표(생산자)_new'!J$186 -> 0.0015952925 | ... AJ40: =국산거래표_new!AJ40/'A표_총거래표(생산자)_new'!AJ$186 -> 0.021848585 | AK40: =SUM(C40:AJ40) -> 0.058025283
A41: 9590 | B41: 중간투입계 | C41: =SUM(C7:C40) -> 0.49453723 | D41: =SUM(D7:D40) -> 0.58805068 | E41: =SUM(E7:E40) -> 0.62141722 | F41: =SUM(F7:F40) -> 0.50421419 | G41: =SUM(G7:G40) -> 0.59729348 | H41: =SUM(H7:H40) -> 0.16555524 | I41: =SUM(I7:I40) -> 0.49939778 | J41: =SUM(J7:J40) -> 0.73864135 | ... AJ41: =SUM(AJ7:AJ40) -> 0.99872409 | AK41: =SUM(C41:AJ41) -> 16.73251
A42: GHG | B42: 배출계수(tco2eq./백만원) | C42: =T_mat_GHG_new!C48/T_mat_GHG_new!C47 -> 0.35384182 | D42: =T_mat_GHG_new!D48/T_mat_GHG_new!D47 -> 0.38352472 | E42: =T_mat_GHG_new!E48/T_mat_GHG_new!E47 -> 0.01132186 | F42: =T_mat_GHG_new!F48/T_mat_GHG_new!F47 -> 0.064492027 | G42: =T_mat_GHG_new!G48/T_mat_GHG_new!G47 -> 0.050767936 | H42: =T_mat_GHG_new!H48/T_mat_GHG_new!H47 -> 0.20548833 | I42: =T_mat_GHG_new!I48/T_mat_GHG_new!I47 -> 0.22485881 | J42: =T_mat_GHG_new!J48/T_mat_GHG_new!J47 -> 0.22485881 | ... AJ42: =T_mat_GHG_new!AJ48/T_mat_GHG_new!AJ47 -> 0 | AK42: =SUM(C42:AJ42) -> 5.4405261
A45: 상품 상품 | C45: A | D45: B | E45: C01 | F45: C02 | G45: C03 | H45: C04 | I45: C05 | K45: C06 | L45: C07 | M45: C08 | N45: C09 | O45: C10 | P45: C11 | Q45: C12 | R45: C13 | S45: C14 | T45: D | U45: E | V45: F | W45: G | X45: H | Y45: I | Z45: J | AA45: K | AB45: L | AC45: M | AD45: N | AE45: O | AF45: P | AG45: Q | AH45: R | AI45: S | AJ45: T | AK45: 9090
C46: 농림수산품 | D46: 광산품 | E46: 음식료품 | F46: 섬유 및 가죽제품 | G46: 목재 및 종이, 인쇄 | H46: 석탄 및 석유제품 | I46: 화학제품 | J46: 분석업체 | K46: 비금속광물제품 | L46: 1차 금속제품 | M46: 금속가공제품 | N46: 컴퓨터, 전자 및 광학기기 | O46: 전기장비 | P46: 기계 및 장비 | Q46: 운송장비 | R46: 기타 제조업 제품 | S46: 제조임가공 및 산업용 장비 수리 | T46: 전력, 가스 및 증기 | U46: 수도, 폐기물처리 및 재활용서비스 | V46: 건설 | W46: 도소매 및 상품중개서비스 | X46: 운송서비스 | Y46: 음식점 및 숙박서비스 | Z46: 정보통신 및 방송 서비스 | AA46: 금융 및 보험 서비스 | AB46: 부동산서비스 | AC46: 전문, 과학 및 기술 서비스 | AD46: 사업지원서비스 | AE46: 공공행정, 국방 및 사회보장 | AF46: 교육서비스 | AG46: 보건 및 사회복지 서비스 | AH46: 예술, 스포츠 및 여가 관련 서비스 | AI46: 기타 서비스 | AJ46: 기타 | AK46: 중간수요계
A47: A | B47: 농림수산품 | C47: 1 | D47: 0 | E47: 0 | F47: 0 | G47: 0 | H47: 0 | I47: 0 | J47: 0 | K47: 0 | L47: 0 | M47: 0 | N47: 0 | O47: 0 | P47: 0 | Q47: 0 | R47: 0 | S47: 0 | T47: 0 | U47: 0 | V47: 0 | W47: 0 | X47: 0 | Y47: 0 | Z47: 0 | AA47: 0 | AB47: 0 | AC47: 0 | AD47: 0 | AE47: 0 | AF47: 0 | AG47: 0 | AH47: 0 | AI47: 0 | AJ47: 0 | AK47: =SUM(C47:AJ47) -> 1
A48: B | B48: 광산품 | C48: 0 | D48: 1 | E48: 0 | F48: 0 | G48: 0 | H48: 0 | I48: 0 | J48: 0 | K48: 0 | L48: 0 | M48: 0 | N48: 0 | O48: 0 | P48: 0 | Q48: 0 | R48: 0 | S48: 0 | T48: 0 | U48: 0 | V48: 0 | W48: 0 | X48: 0 | Y48: 0 | Z48: 0 | AA48: 0 | AB48: 0 | AC48: 0 | AD48: 0 | AE48: 0 | AF48: 0 | AG48: 0 | AH48: 0 | AI48: 0 | AJ48: 0 | AK48: =SUM(C48:AJ48) -> 1
A49: C01 | B49: 음식료품 | C49: 0 | D49: 0 | E49: 1 | F49: 0 | G49: 0 | H49: 0 | I49: 0 | J49: 0 | K49: 0 | L49: 0 | M49: 0 | N49: 0 | O49: 0 | P49: 0 | Q49: 0 | R49: 0 | S49: 0 | T49: 0 | U49: 0 | V49: 0 | W49: 0 | X49: 0 | Y49: 0 | Z49: 0 | AA49: 0 | AB49: 0 | AC49: 0 | AD49: 0 | AE49: 0 | AF49: 0 | AG49: 0 | AH49: 0 | AI49: 0 | AJ49: 0 | AK49: =SUM(C49:AJ49) -> 1
A50: C02 | B50: 섬유 및 가죽제품 | C50: 0 | D50: 0 | E50: 0 | F50: 1 | G50: 0 | H50: 0 | I50: 0 | J50: 0 | K50: 0 | L50: 0 | M50: 0 | N50: 0 | O50: 0 | P50: 0 | Q50: 0 | R50: 0 | S50: 0 | T50: 0 | U50: 0 | V50: 0 | W50: 0 | X50: 0 | Y50: 0 | Z50: 0 | AA50: 0 | AB50: 0 | AC50: 0 | AD50: 0 | AE50: 0 | AF50: 0 | AG50: 0 | AH50: 0 | AI50: 0 | AJ50: 0 | AK50: =SUM(C50:AJ50) -> 1
A51: C03 | B51: 목재 및 종이, 인쇄 | C51: 0 | D51: 0 | E51: 0 | F51: 0 | G51: 1 | H51: 0 | I51: 0 | J51: 0 | K51: 0 | L51: 0 | M51: 0 | N51: 0 | O51: 0 | P51: 0 | Q51: 0 | R51: 0 | S51: 0 | T51: 0 | U51: 0 | V51: 0 | W51: 0 | X51: 0 | Y51: 0 | Z51: 0 | AA51: 0 | AB51: 0 | AC51: 0 | AD51: 0 | AE51: 0 | AF51: 0 | AG51: 0 | AH51: 0 | AI51: 0 | AJ51: 0 | AK51: =SUM(C51:AJ51) -> 1
A52: C04 | B52: 석탄 및 석유제품 | C52: 0 | D52: 0 | E52: 0 | F52: 0 | G52: 0 | H52: 1 | I52: 0 | J52: 0 | K52: 0 | L52: 0 | M52: 0 | N52: 0 | O52: 0 | P52: 0 | Q52: 0 | R52: 0 | S52: 0 | T52: 0 | U52: 0 | V52: 0 | W52: 0 | X52: 0 | Y52: 0 | Z52: 0 | AA52: 0 | AB52: 0 | AC52: 0 | AD52: 0 | AE52: 0 | AF52: 0 | AG52: 0 | AH52: 0 | AI52: 0 | AJ52: 0 | AK52: =SUM(C52:AJ52) -> 1
A53: C05 | B53: 화학제품 | C53: 0 | D53: 0 | E53: 0 | F53: 0 | G53: 0 | H53: 0 | I53: 1 | J53: 0 | K53: 0 | L53: 0 | M53: 0 | N53: 0 | O53: 0 | P53: 0 | Q53: 0 | R53: 0 | S53: 0 | T53: 0 | U53: 0 | V53: 0 | W53: 0 | X53: 0 | Y53: 0 | Z53: 0 | AA53: 0 | AB53: 0 | AC53: 0 | AD53: 0 | AE53: 0 | AF53: 0 | AG53: 0 | AH53: 0 | AI53: 0 | AJ53: 0 | AK53: =SUM(C53:AJ53) -> 1
